Name,Path,Type,Status,Extension,Depth
â„ï¸ flake.nix,flake.nix,System Core,Analyzing,Nix,0
â„ï¸ shell.nix,shell.nix,System Core,Analyzing,Nix,0
ğŸ audit_docker_hub.py,audit_docker_hub.py,Automation,Analyzing,Python,0
ğŸ generate_inventory.py,generate_inventory.py,Automation,Analyzing,Python,0
ğŸš find_patterns.sh,find_patterns.sh,Automation,Analyzing,Shell,0
ğŸš run-lynis-audits.sh,run-lynis-audits.sh,Automation,Analyzing,Shell,0
ğŸ“˜ .tree-commands.md,.tree-commands.md,Documentation,Analyzing,Docs,0
ğŸ“˜ CLAUDE.md,CLAUDE.md,Documentation,Analyzing,Docs,0
ğŸ“˜ README.md,README.md,Documentation,Analyzing,Docs,0
ğŸ“¦ .mcp.json,.mcp.json,Data,Analyzing,Json,0
â„ï¸ TEMPLATE.nix,modules/TEMPLATE.nix,System Core,Analyzing,Nix,1
â„ï¸ clean-sudo.nix,scripts/clean-sudo.nix,System Core,Analyzing,Nix,1
â„ï¸ default.nix,modules/default.nix,System Core,Analyzing,Nix,1
â„ï¸ default.nix,tests/default.nix,System Core,Analyzing,Nix,1
â„ï¸ default.nix,overlays/default.nix,System Core,Analyzing,Nix,1
â„ï¸ desktop-cfg.nix,scripts/desktop-cfg.nix,System Core,Analyzing,Nix,1
â„ï¸ desktop-cfg2.nix,scripts/desktop-cfg2.nix,System Core,Analyzing,Nix,1
â„ï¸ desktop-config-backup.nix,scripts/desktop-config-backup.nix,System Core,Analyzing,Nix,1
â„ï¸ desktop-config-clean.nix,scripts/desktop-config-clean.nix,System Core,Analyzing,Nix,1
â„ï¸ fix-sudo.nix,scripts/fix-sudo.nix,System Core,Analyzing,Nix,1
â„ï¸ fix-sudo2.nix,scripts/fix-sudo2.nix,System Core,Analyzing,Nix,1
â„ï¸ fix-sudo3.nix,scripts/fix-sudo3.nix,System Core,Analyzing,Nix,1
â„ï¸ hardening.nix,sec/hardening.nix,System Core,Analyzing,Nix,1
â„ï¸ hyprland.nix,overlays/hyprland.nix,System Core,Analyzing,Nix,1
â„ï¸ packages.nix,lib/packages.nix,System Core,Analyzing,Nix,1
â„ï¸ python-packages.nix,overlays/python-packages.nix,System Core,Analyzing,Nix,1
â„ï¸ shell.nix,lib/shell.nix,System Core,Analyzing,Nix,1
â„ï¸ shells.nix,lib/shells.nix,System Core,Analyzing,Nix,1
â„ï¸ tailscale-integration-test.nix,tests/tailscale-integration-test.nix,System Core,Analyzing,Nix,1
â„ï¸ test-remote-build.nix,scripts/test-remote-build.nix,System Core,Analyzing,Nix,1
ğŸ _name_generation.py,scripts/_name_generation.py,Automation,Analyzing,Python,1
ğŸ arch-analyzer.py,scripts/arch-analyzer.py,Automation,Analyzing,Python,1
ğŸ audit-config.py,scripts/audit-config.py,Automation,Analyzing,Python,1
ğŸ check-module-options.py,scripts/check-module-options.py,Automation,Analyzing,Python,1
ğŸ delete_large_files.py,scripts/delete_large_files.py,Automation,Analyzing,Python,1
ğŸ elasticsearch_5.py,scripts/elasticsearch_5.py,Automation,Analyzing,Python,1
ğŸ geminisdk.py,scripts/geminisdk.py,Automation,Analyzing,Python,1
ğŸ health_check.py,scripts/health_check.py,Automation,Analyzing,Python,1
ğŸ lynis-report-generator.py,scripts/lynis-report-generator.py,Automation,Analyzing,Python,1
ğŸ notiondb_1.py,scripts/notiondb_1.py,Automation,Analyzing,Python,1
ğŸ nuke.py,scripts/nuke.py,Automation,Analyzing,Python,1
ğŸ perform_web_search.py,scripts/perform_web_search.py,Automation,Analyzing,Python,1
ğŸ performance-profiler.py,scripts/performance-profiler.py,Automation,Analyzing,Python,1
ğŸ pipeline_flax_stable_diffusion_xl.py,scripts/pipeline_flax_stable_diffusion_xl.py,Automation,Analyzing,Python,1
ğŸ pipeline_flux.py,scripts/pipeline_flux.py,Automation,Analyzing,Python,1
ğŸ project_analyzer.py,scripts/project_analyzer.py,Automation,Analyzing,Python,1
ğŸ remote_device.py,scripts/remote_device.py,Automation,Analyzing,Python,1
ğŸ remote_module.py,scripts/remote_module.py,Automation,Analyzing,Python,1
ğŸ renaming.py,scripts/renaming.py,Automation,Analyzing,Python,1
ğŸ replicate_1.py,scripts/replicate_1.py,Automation,Analyzing,Python,1
ğŸ replicate_client.py,scripts/replicate_client.py,Automation,Analyzing,Python,1
ğŸ repo_auditor.py,scripts/repo_auditor.py,Automation,Analyzing,Python,1
ğŸ smart-commit.py,scripts/smart-commit.py,Automation,Analyzing,Python,1
ğŸ sse_transport.py,scripts/sse_transport.py,Automation,Analyzing,Python,1
ğŸ ssh.py,scripts/ssh.py,Automation,Analyzing,Python,1
ğŸ swiss-monitor.py,scripts/swiss-monitor.py,Automation,Analyzing,Python,1
ğŸ web_base_1.py,scripts/web_base_1.py,Automation,Analyzing,Python,1
ğŸ webmisc.py,scripts/webmisc.py,Automation,Analyzing,Python,1
ğŸš add-secret.sh,scripts/add-secret.sh,Automation,Analyzing,Shell,1
ğŸš add-to-sops.sh,scripts/add-to-sops.sh,Automation,Analyzing,Shell,1
ğŸš alias-inspector.sh,scripts/alias-inspector.sh,Automation,Analyzing,Shell,1
ğŸš audit-config-simple.sh,scripts/audit-config-simple.sh,Automation,Analyzing,Shell,1
ğŸš audit.sh,pinix/audit.sh,Automation,Analyzing,Shell,1
ğŸš auditoria-disco.sh,scripts/auditoria-disco.sh,Automation,Analyzing,Shell,1
ğŸš auto-commit.sh,scripts/auto-commit.sh,Automation,Analyzing,Shell,1
ğŸš backup-rapido.sh,scripts/backup-rapido.sh,Automation,Analyzing,Shell,1
ğŸš create.sh,scripts/create.sh,Automation,Analyzing,Shell,1
ğŸš detecta-anomalias.sh,scripts/detecta-anomalias.sh,Automation,Analyzing,Shell,1
ğŸš diagnose-home-manager.sh,scripts/diagnose-home-manager.sh,Automation,Analyzing,Shell,1
ğŸš diagnostico-detalhado.sh,scripts/diagnostico-detalhado.sh,Automation,Analyzing,Shell,1
ğŸš diagnostico-disco.sh,scripts/diagnostico-disco.sh,Automation,Analyzing,Shell,1
ğŸš dns-diagnostics.sh,scripts/dns-diagnostics.sh,Automation,Analyzing,Shell,1
ğŸš fix-mcp-configs.sh,scripts/fix-mcp-configs.sh,Automation,Analyzing,Shell,1
ğŸš fix-secrets-permissions.sh,scripts/fix-secrets-permissions.sh,Automation,Analyzing,Shell,1
ğŸš generate-architecture-tree.sh,scripts/generate-architecture-tree.sh,Automation,Analyzing,Shell,1
ğŸš generate-docs.sh,scripts/generate-docs.sh,Automation,Analyzing,Shell,1
ğŸš generate-mcp-config.sh,scripts/generate-mcp-config.sh,Automation,Analyzing,Shell,1
ğŸš generate-tree-diagram.sh,scripts/generate-tree-diagram.sh,Automation,Analyzing,Shell,1
ğŸš intel-dev.sh,scripts/intel-dev.sh,Automation,Analyzing,Shell,1
ğŸš intel-health.sh,scripts/intel-health.sh,Automation,Analyzing,Shell,1
ğŸš intel-nix.sh,scripts/intel-nix.sh,Automation,Analyzing,Shell,1
ğŸš intel-scan.sh,scripts/intel-scan.sh,Automation,Analyzing,Shell,1
ğŸš intel-score.sh,scripts/intel-score.sh,Automation,Analyzing,Shell,1
ğŸš intel.sh,scripts/intel.sh,Automation,Analyzing,Shell,1
ğŸš interage-llm.sh,scripts/interage-llm.sh,Automation,Analyzing,Shell,1
ğŸš investigate-infra.sh,scripts/investigate-infra.sh,Automation,Analyzing,Shell,1
ğŸš jsonl2pretty.sh,scripts/jsonl2pretty.sh,Automation,Analyzing,Shell,1
ğŸš kill-children.sh,scripts/kill-children.sh,Automation,Analyzing,Shell,1
ğŸš limpa-processos.sh,scripts/limpa-processos.sh,Automation,Analyzing,Shell,1
ğŸš limpeza-agressiva.sh,scripts/limpeza-agressiva.sh,Automation,Analyzing,Shell,1
ğŸš load-api-keys.sh,scripts/load-api-keys.sh,Automation,Analyzing,Shell,1
ğŸš load-aws-bedrock.sh,scripts/load-aws-bedrock.sh,Automation,Analyzing,Shell,1
ğŸš mcp-health-check.sh,scripts/mcp-health-check.sh,Automation,Analyzing,Shell,1
ğŸš mcp-helper.sh,scripts/mcp-helper.sh,Automation,Analyzing,Shell,1
ğŸš migrate-projects.sh,scripts/migrate-projects.sh,Automation,Analyzing,Shell,1
ğŸš migrate-sec-to-sops.sh,scripts/migrate-sec-to-sops.sh,Automation,Analyzing,Shell,1
ğŸš monitor-nix-store.sh,scripts/monitor-nix-store.sh,Automation,Analyzing,Shell,1
ğŸš monitor-rebuild-attach.sh,scripts/monitor-rebuild-attach.sh,Automation,Analyzing,Shell,1
ğŸš monitor-rebuild-complete.sh,scripts/monitor-rebuild-complete.sh,Automation,Analyzing,Shell,1
ğŸš monitor-rebuild.sh,scripts/monitor-rebuild.sh,Automation,Analyzing,Shell,1
ğŸš monitora-logs-seguranca.sh,scripts/monitora-logs-seguranca.sh,Automation,Analyzing,Shell,1
ğŸš monitora-processos-detalhado.sh,scripts/monitora-processos-detalhado.sh,Automation,Analyzing,Shell,1
ğŸš monitora-rede.sh,scripts/monitora-rede.sh,Automation,Analyzing,Shell,1
ğŸš nfs-tests.sh,hooks/nfs-tests.sh,Automation,Analyzing,Shell,1
ğŸš nix-emergency.sh,scripts/nix-emergency.sh,Automation,Analyzing,Shell,1
ğŸš nix-hard-reset.sh,scripts/nix-hard-reset.sh,Automation,Analyzing,Shell,1
ğŸš nixos-perfect-install.sh,scripts/nixos-perfect-install.sh,Automation,Analyzing,Shell,1
ğŸš pipeline-check.sh,scripts/pipeline-check.sh,Automation,Analyzing,Shell,1
ğŸš post-rebuild-validate.sh,scripts/post-rebuild-validate.sh,Automation,Analyzing,Shell,1
ğŸš pre-commit.sh,scripts/pre-commit.sh,Automation,Analyzing,Shell,1
ğŸš pre_processa_dados_llm.sh,scripts/pre_processa_dados_llm.sh,Automation,Analyzing,Shell,1
ğŸš push-all-projects.sh,scripts/push-all-projects.sh,Automation,Analyzing,Shell,1
ğŸš remove_ollama_lines.sh,scripts/remove_ollama_lines.sh,Automation,Analyzing,Shell,1
ğŸš scan.sh,scripts/scan.sh,Automation,Analyzing,Shell,1
ğŸš setup-claude-secrets.sh,scripts/setup-claude-secrets.sh,Automation,Analyzing,Shell,1
ğŸš setup-desktop-offload.sh,scripts/setup-desktop-offload.sh,Automation,Analyzing,Shell,1
ğŸš setup-git-hooks.sh,scripts/setup-git-hooks.sh,Automation,Analyzing,Shell,1
ğŸš setup-offload-keys.sh,scripts/setup-offload-keys.sh,Automation,Analyzing,Shell,1
ğŸš simple-update.sh,scripts/simple-update.sh,Automation,Analyzing,Shell,1
ğŸš sops-editor.sh,scripts/sops-editor.sh,Automation,Analyzing,Shell,1
ğŸš ssh-diagnostics.sh,scripts/ssh-diagnostics.sh,Automation,Analyzing,Shell,1
ğŸš sync-from-desktop.sh,scripts/sync-from-desktop.sh,Automation,Analyzing,Shell,1
ğŸš sync-github-secrets.sh,scripts/sync-github-secrets.sh,Automation,Analyzing,Shell,1
ğŸš sync-to-desktop.sh,scripts/sync-to-desktop.sh,Automation,Analyzing,Shell,1
ğŸš tailscale-catchall.sh,scripts/tailscale-catchall.sh,Automation,Analyzing,Shell,1
ğŸš tailscale-quick-setup.sh,scripts/tailscale-quick-setup.sh,Automation,Analyzing,Shell,1
ğŸš tailscale-subnet-setup.sh,scripts/tailscale-subnet-setup.sh,Automation,Analyzing,Shell,1
ğŸš tauri-stop-dev-processes.sh,scripts/tauri-stop-dev-processes.sh,Automation,Analyzing,Shell,1
ğŸš test-alacritty.sh,scripts/test-alacritty.sh,Automation,Analyzing,Shell,1
ğŸš test-coverage.sh,scripts/test-coverage.sh,Automation,Analyzing,Shell,1
ğŸš update-api-secrets.sh,scripts/update-api-secrets.sh,Automation,Analyzing,Shell,1
ğŸš update-npm-package.sh,scripts/update-npm-package.sh,Automation,Analyzing,Shell,1
ğŸš update-packages.sh,scripts/update-packages.sh,Automation,Analyzing,Shell,1
ğŸš update-rust-package.sh,scripts/update-rust-package.sh,Automation,Analyzing,Shell,1
ğŸš update-secrets.sh,scripts/update-secrets.sh,Automation,Analyzing,Shell,1
ğŸš vram_examples.sh,scripts/vram_examples.sh,Automation,Analyzing,Shell,1
ğŸš vscode-ssh-diagnostic.sh,scripts/vscode-ssh-diagnostic.sh,Automation,Analyzing,Shell,1
ğŸš vscodium-wrapper.sh,scripts/vscodium-wrapper.sh,Automation,Analyzing,Shell,1
ğŸš wifi-diagnostics.sh,scripts/wifi-diagnostics.sh,Automation,Analyzing,Shell,1
ğŸ“˜ AGENT-EMPOWERMENT-TOOLKIT.md,docs/AGENT-EMPOWERMENT-TOOLKIT.md,Documentation,Analyzing,Docs,1
ğŸ“˜ AGENT-TOOLKIT-QUICKSTART.md,docs/AGENT-TOOLKIT-QUICKSTART.md,Documentation,Analyzing,Docs,1
ğŸ“˜ AI-ARCHITECTURE-REPORT.md,arch/AI-ARCHITECTURE-REPORT.md,Documentation,Analyzing,Docs,1
ğŸ“˜ ALTERNATIVA-REINSTALACAO-LIMPA.md,docs/ALTERNATIVA-REINSTALACAO-LIMPA.md,Documentation,Analyzing,Docs,1
ğŸ“˜ ANALISE-SSH-CONFIG-PROBLEMAS.md,docs/ANALISE-SSH-CONFIG-PROBLEMAS.md,Documentation,Analyzing,Docs,1
ğŸ“˜ ARCHITECTURE-BLUEPRINT.md,docs/ARCHITECTURE-BLUEPRINT.md,Documentation,Analyzing,Docs,1
ğŸ“˜ ARCHITECTURE-REPORT.md,arch/ARCHITECTURE-REPORT.md,Documentation,Analyzing,Docs,1
ğŸ“˜ ARCHITECTURE-TRACKING.md,docs/ARCHITECTURE-TRACKING.md,Documentation,Analyzing,Docs,1
ğŸ“˜ ARCHITECTURE-TREE.md,docs/ARCHITECTURE-TREE.md,Documentation,Analyzing,Docs,1
ğŸ“˜ ARCHITECTURE-TREE.md,arch/ARCHITECTURE-TREE.md,Documentation,Analyzing,Docs,1
ğŸ“˜ AUDIO_TROUBLESHOOTING.md,docs/AUDIO_TROUBLESHOOTING.md,Documentation,Analyzing,Docs,1
ğŸ“˜ AUDITD_INVESTIGATION.md,docs/AUDITD_INVESTIGATION.md,Documentation,Analyzing,Docs,1
ğŸ“˜ AUDITORIA-DISCO-FERRAMENTAS.md,docs/AUDITORIA-DISCO-FERRAMENTAS.md,Documentation,Analyzing,Docs,1
ğŸ“˜ BINARY-CACHE-SETUP.md,docs/BINARY-CACHE-SETUP.md,Documentation,Analyzing,Docs,1
ğŸ“˜ BUILD-OPTIMIZATION-2025-11-22.md,docs/BUILD-OPTIMIZATION-2025-11-22.md,Documentation,Analyzing,Docs,1
ğŸ“˜ CENTRALIZACAO-LOGS-DESKTOP.md,docs/CENTRALIZACAO-LOGS-DESKTOP.md,Documentation,Analyzing,Docs,1
ğŸ“˜ CI-CD-ARCHITECTURE.md,docs/CI-CD-ARCHITECTURE.md,Documentation,Analyzing,Docs,1
ğŸ“˜ CLAUDE.md,.claude/CLAUDE.md,Documentation,Analyzing,Docs,1
ğŸ“˜ CONFIGURATION_ENHANCEMENTS.md,docs/CONFIGURATION_ENHANCEMENTS.md,Documentation,Analyzing,Docs,1
ğŸ“˜ DECISOES-CRITICAS.md,docs/DECISOES-CRITICAS.md,Documentation,Analyzing,Docs,1
ğŸ“˜ DESKTOP-OFFLOAD-QUICKSTART.md,docs/DESKTOP-OFFLOAD-QUICKSTART.md,Documentation,Analyzing,Docs,1
ğŸ“˜ DESKTOP-OFFLOAD-SETUP.md,docs/DESKTOP-OFFLOAD-SETUP.md,Documentation,Analyzing,Docs,1
ğŸ“˜ DESKTOP-QUICK-SETUP.md,docs/DESKTOP-QUICK-SETUP.md,Documentation,Analyzing,Docs,1
ğŸ“˜ DESKTOP-SETUP-REQUIRED.md,docs/DESKTOP-SETUP-REQUIRED.md,Documentation,Analyzing,Docs,1
ğŸ“˜ DESKTOP-TROUBLESHOOTING.md,docs/DESKTOP-TROUBLESHOOTING.md,Documentation,Analyzing,Docs,1
ğŸ“˜ DEV-DIRECTORY-SECURITY.md,docs/DEV-DIRECTORY-SECURITY.md,Documentation,Analyzing,Docs,1
ğŸ“˜ DNS_FIX_SUMMARY.md,docs/DNS_FIX_SUMMARY.md,Documentation,Analyzing,Docs,1
ğŸ“˜ DNS_WORKING_CONFIG.md,docs/DNS_WORKING_CONFIG.md,Documentation,Analyzing,Docs,1
ğŸ“˜ ECONOMIA-ESPACO.md,docs/ECONOMIA-ESPACO.md,Documentation,Analyzing,Docs,1
ğŸ“˜ EMERGENCIA-LIBERAR-ESPACO.md,docs/EMERGENCIA-LIBERAR-ESPACO.md,Documentation,Analyzing,Docs,1
ğŸ“˜ ESTRATEGIA-FINAL-COMPLETA.md,docs/ESTRATEGIA-FINAL-COMPLETA.md,Documentation,Analyzing,Docs,1
ğŸ“˜ EXEC-SUMMARY-LYNIS.md,docs/EXEC-SUMMARY-LYNIS.md,Documentation,Analyzing,Docs,1
ğŸ“˜ EXECUTAR-AGORA.md,docs/EXECUTAR-AGORA.md,Documentation,Analyzing,Docs,1
ğŸ“˜ EXEMPLO-INTEGRACAO-HOST.md,docs/EXEMPLO-INTEGRACAO-HOST.md,Documentation,Analyzing,Docs,1
ğŸ“˜ FINAL-STATUS-REPORT.md,docs/FINAL-STATUS-REPORT.md,Documentation,Analyzing,Docs,1
ğŸ“˜ GIT-WORKFLOW-TESTING-IMPROVEMENT-PLAN.md,docs/GIT-WORKFLOW-TESTING-IMPROVEMENT-PLAN.md,Documentation,Analyzing,Docs,1
ğŸ“˜ GITHUB-ACTIONS-RUNNER-CONFIG-EXAMPLES.md,docs/GITHUB-ACTIONS-RUNNER-CONFIG-EXAMPLES.md,Documentation,Analyzing,Docs,1
ğŸ“˜ GITHUB-ACTIONS-RUNNER-FIX.md,docs/GITHUB-ACTIONS-RUNNER-FIX.md,Documentation,Analyzing,Docs,1
ğŸ“˜ GITHUB-SOPS-INTEGRATION.md,docs/GITHUB-SOPS-INTEGRATION.md,Documentation,Analyzing,Docs,1
ğŸ“˜ GITHUB_ACTIONS_SETUP.md,docs/GITHUB_ACTIONS_SETUP.md,Documentation,Analyzing,Docs,1
ğŸ“˜ GITHUB_CLI_AUTH.md,docs/GITHUB_CLI_AUTH.md,Documentation,Analyzing,Docs,1
ğŸ“˜ GLASSMORPHISM-DESIGN-SYSTEM.md,docs/GLASSMORPHISM-DESIGN-SYSTEM.md,Documentation,Analyzing,Docs,1
ğŸ“˜ GUIA-BACKUP-E-REINSTALACAO.md,docs/GUIA-BACKUP-E-REINSTALACAO.md,Documentation,Analyzing,Docs,1
ğŸ“˜ GUIA-CORRECAO-DNS.md,docs/GUIA-CORRECAO-DNS.md,Documentation,Analyzing,Docs,1
ğŸ“˜ HANDOFF-TAILSCALE-E-INFRAESTRUTURA.md,docs/HANDOFF-TAILSCALE-E-INFRAESTRUTURA.md,Documentation,Analyzing,Docs,1
ğŸ“˜ HYPRLAND-DESIGN-OVERHAUL.md,.claude/HYPRLAND-DESIGN-OVERHAUL.md,Documentation,Analyzing,Docs,1
ğŸ“˜ HYPRLAND-KEYBINDINGS.md,docs/HYPRLAND-KEYBINDINGS.md,Documentation,Analyzing,Docs,1
ğŸ“˜ IMPLEMENTATION-SUMMARY.md,docs/IMPLEMENTATION-SUMMARY.md,Documentation,Analyzing,Docs,1
ğŸ“˜ INFRASTRUCTURE-FIX-SUMMARY.md,docs/INFRASTRUCTURE-FIX-SUMMARY.md,Documentation,Analyzing,Docs,1
ğŸ“˜ INSTRUCTIONS.md,docs/INSTRUCTIONS.md,Documentation,Analyzing,Docs,1
ğŸ“˜ LAPTOP-BUILD-SETUP.md,docs/LAPTOP-BUILD-SETUP.md,Documentation,Analyzing,Docs,1
ğŸ“˜ LAPTOP-DEFENSE-FRAMEWORK.md,docs/LAPTOP-DEFENSE-FRAMEWORK.md,Documentation,Analyzing,Docs,1
ğŸ“˜ LAPTOP-QUICK-SETUP.md,docs/LAPTOP-QUICK-SETUP.md,Documentation,Analyzing,Docs,1
ğŸ“˜ LLM-WORKFLOW-DEBUG-FRICTION-REPORT.md,docs/LLM-WORKFLOW-DEBUG-FRICTION-REPORT.md,Documentation,Analyzing,Docs,1
ğŸ“˜ LOGSTREAM-INTELLIGENCE-DESIGN.md,docs/LOGSTREAM-INTELLIGENCE-DESIGN.md,Documentation,Analyzing,Docs,1
ğŸ“˜ LYNIS-ENHANCEMENTS.md,docs/LYNIS-ENHANCEMENTS.md,Documentation,Analyzing,Docs,1
ğŸ“˜ MCP-ARCHITECTURE-ACCESS.md,docs/MCP-ARCHITECTURE-ACCESS.md,Documentation,Analyzing,Docs,1
ğŸ“˜ MCP-CLAUDE-CODE-SETUP.md,docs/MCP-CLAUDE-CODE-SETUP.md,Documentation,Analyzing,Docs,1
ğŸ“˜ MCP-CODEX-INTEGRATION.md,docs/MCP-CODEX-INTEGRATION.md,Documentation,Analyzing,Docs,1
ğŸ“˜ MCP-EXTENDED-TOOLS-DESIGN.md,docs/MCP-EXTENDED-TOOLS-DESIGN.md,Documentation,Analyzing,Docs,1
ğŸ“˜ MCP-EXTENDED-TOOLS-FINAL-REPORT.md,docs/MCP-EXTENDED-TOOLS-FINAL-REPORT.md,Documentation,Analyzing,Docs,1
ğŸ“˜ MCP-EXTENDED-TOOLS-PROGRESS.md,docs/MCP-EXTENDED-TOOLS-PROGRESS.md,Documentation,Analyzing,Docs,1
ğŸ“˜ MCP-INTEGRATION-GUIDE.md,docs/MCP-INTEGRATION-GUIDE.md,Documentation,Analyzing,Docs,1
ğŸ“˜ MCP-KNOWLEDGE-DB-FIX.md,docs/MCP-KNOWLEDGE-DB-FIX.md,Documentation,Analyzing,Docs,1
ğŸ“˜ MCP-KNOWLEDGE-EXTENSION-PLAN.md,docs/MCP-KNOWLEDGE-EXTENSION-PLAN.md,Documentation,Analyzing,Docs,1
ğŸ“˜ MCP-KNOWLEDGE-STABILIZATION.md,docs/MCP-KNOWLEDGE-STABILIZATION.md,Documentation,Analyzing,Docs,1
ğŸ“˜ MCP-PROJECT-ROOT-ANALYSIS.md,docs/MCP-PROJECT-ROOT-ANALYSIS.md,Documentation,Analyzing,Docs,1
ğŸ“˜ MCP-QUICK-REFERENCE.md,docs/MCP-QUICK-REFERENCE.md,Documentation,Analyzing,Docs,1
ğŸ“˜ MCP-SECURE-ARCHITECTURE.md,docs/MCP-SECURE-ARCHITECTURE.md,Documentation,Analyzing,Docs,1
ğŸ“˜ MCP-SERVER-HEALTH-REPORT.md,docs/MCP-SERVER-HEALTH-REPORT.md,Documentation,Analyzing,Docs,1
ğŸ“˜ MCP-SERVER-PACKAGE.md,docs/MCP-SERVER-PACKAGE.md,Documentation,Analyzing,Docs,1
ğŸ“˜ MCP-SESSION-HANDOFF.md,docs/MCP-SESSION-HANDOFF.md,Documentation,Analyzing,Docs,1
ğŸ“˜ MCP-SYNC-SUMMARY.md,docs/MCP-SYNC-SUMMARY.md,Documentation,Analyzing,Docs,1
ğŸ“˜ MCP-TOOLS-USAGE-GUIDE.md,docs/MCP-TOOLS-USAGE-GUIDE.md,Documentation,Analyzing,Docs,1
ğŸ“˜ MCP-TROUBLESHOOTING.md,docs/MCP-TROUBLESHOOTING.md,Documentation,Analyzing,Docs,1
ğŸ“˜ ML-ARCHITECTURE-REFACTORING.md,docs/ML-ARCHITECTURE-REFACTORING.md,Documentation,Analyzing,Docs,1
ğŸ“˜ ML-MODULES-RESTRUCTURE-PLAN.md,docs/ML-MODULES-RESTRUCTURE-PLAN.md,Documentation,Analyzing,Docs,1
ğŸ“˜ MONITOR-REBUILD-USAGE.md,scripts/MONITOR-REBUILD-USAGE.md,Documentation,Analyzing,Docs,1
ğŸ“˜ NEXT-SESSION-PROMPT.md,docs/NEXT-SESSION-PROMPT.md,Documentation,Analyzing,Docs,1
ğŸ“˜ NIX-EMERGENCY-PROCEDURES.md,docs/NIX-EMERGENCY-PROCEDURES.md,Documentation,Analyzing,Docs,1
ğŸ“˜ OS-KEYRING-SETUP.md,docs/OS-KEYRING-SETUP.md,Documentation,Analyzing,Docs,1
ğŸ“˜ PACKAGE-UPDATE-GUIDE.md,docs/PACKAGE-UPDATE-GUIDE.md,Documentation,Analyzing,Docs,1
ğŸ“˜ PHASE2-IMPLEMENTATION-ROADMAP.md,docs/PHASE2-IMPLEMENTATION-ROADMAP.md,Documentation,Analyzing,Docs,1
ğŸ“˜ PHASE2-UNIFIED-ARCHITECTURE.md,docs/PHASE2-UNIFIED-ARCHITECTURE.md,Documentation,Analyzing,Docs,1
ğŸ“˜ PLANO-ACAO-LIMPEZA.md,docs/PLANO-ACAO-LIMPEZA.md,Documentation,Analyzing,Docs,1
ğŸ“˜ PLANO-INTEROPERABILIDADE-LAPTOP-DESKTOP.md,docs/PLANO-INTEROPERABILIDADE-LAPTOP-DESKTOP.md,Documentation,Analyzing,Docs,1
ğŸ“˜ PROTONPASS-STATUS.md,docs/PROTONPASS-STATUS.md,Documentation,Analyzing,Docs,1
ğŸ“˜ QUICK-START-IMPROVEMENTS.md,docs/QUICK-START-IMPROVEMENTS.md,Documentation,Analyzing,Docs,1
ğŸ“˜ README-20251110.md,archive/README-20251110.md,Documentation,Analyzing,Docs,1
ğŸ“˜ README-STACK-SETUP.md,docs/README-STACK-SETUP.md,Documentation,Analyzing,Docs,1
ğŸ“˜ README.md,tests/README.md,Documentation,Analyzing,Docs,1
ğŸ“˜ README.md,.github/README.md,Documentation,Analyzing,Docs,1
ğŸ“˜ README.md,overlays/README.md,Documentation,Analyzing,Docs,1
ğŸ“˜ README.md,docs/README.md,Documentation,Analyzing,Docs,1
ğŸ“˜ README.md,arch/README.md,Documentation,Analyzing,Docs,1
ğŸ“˜ REBUILD-FIX.md,docs/REBUILD-FIX.md,Documentation,Analyzing,Docs,1
ğŸ“˜ REFATORACAO-ARQUITETURA-2025.md,docs/REFATORACAO-ARQUITETURA-2025.md,Documentation,Analyzing,Docs,1
ğŸ“˜ REMOTE-BUILDER-CACHE-GUIDE.md,docs/REMOTE-BUILDER-CACHE-GUIDE.md,Documentation,Analyzing,Docs,1
ğŸ“˜ REPOSITORY-ANALYSIS.md,docs/REPOSITORY-ANALYSIS.md,Documentation,Analyzing,Docs,1
ğŸ“˜ RESTRUCTURING-MISSION.md,docs/RESTRUCTURING-MISSION.md,Documentation,Analyzing,Docs,1
ğŸ“˜ RSYNC-GUIDE.md,docs/RSYNC-GUIDE.md,Documentation,Analyzing,Docs,1
ğŸ“˜ SECURITY-HARDENING-STATUS.md,docs/SECURITY-HARDENING-STATUS.md,Documentation,Analyzing,Docs,1
ğŸ“˜ SESSION-1-SUMMARY.md,docs/SESSION-1-SUMMARY.md,Documentation,Analyzing,Docs,1
ğŸ“˜ SIEM-INTEGRATION.md,docs/SIEM-INTEGRATION.md,Documentation,Analyzing,Docs,1
ğŸ“˜ SOPS-TROUBLESHOOTING.md,docs/SOPS-TROUBLESHOOTING.md,Documentation,Analyzing,Docs,1
ğŸ“˜ STACK-SERVER-CLIENT-COMPLETE-GUIDE.md,docs/STACK-SERVER-CLIENT-COMPLETE-GUIDE.md,Documentation,Analyzing,Docs,1
ğŸ“˜ SUMMARY.md,docs/SUMMARY.md,Documentation,Analyzing,Docs,1
ğŸ“˜ SYSTEMD_CENTRALIZATION_INDEX.md,docs/SYSTEMD_CENTRALIZATION_INDEX.md,Documentation,Analyzing,Docs,1
ğŸ“˜ SYSTEMD_SERVICES_INVENTORY.md,docs/SYSTEMD_SERVICES_INVENTORY.md,Documentation,Analyzing,Docs,1
ğŸ“˜ TAILSCALE-CHEATSHEET.md,docs/TAILSCALE-CHEATSHEET.md,Documentation,Analyzing,Docs,1
ğŸ“˜ TAILSCALE-COMPLETE-SETUP.md,docs/TAILSCALE-COMPLETE-SETUP.md,Documentation,Analyzing,Docs,1
ğŸ“˜ TAILSCALE-DEPLOYMENT-STATUS.md,docs/TAILSCALE-DEPLOYMENT-STATUS.md,Documentation,Analyzing,Docs,1
ğŸ“˜ TAILSCALE-QUICKSTART-GUIDE.md,docs/TAILSCALE-QUICKSTART-GUIDE.md,Documentation,Analyzing,Docs,1
ğŸ“˜ TAILSCALE-SUBNET-ROUTING-GUIDE.md,docs/TAILSCALE-SUBNET-ROUTING-GUIDE.md,Documentation,Analyzing,Docs,1
ğŸ“˜ TEMPLATE_GUIDE.md,modules/TEMPLATE_GUIDE.md,Documentation,Analyzing,Docs,1
ğŸ“˜ TODO.md,docs/TODO.md,Documentation,Analyzing,Docs,1
ğŸ“˜ VM-CLIPBOARD-SETUP.md,docs/VM-CLIPBOARD-SETUP.md,Documentation,Analyzing,Docs,1
ğŸ“˜ VMCTL-USAGE.md,docs/VMCTL-USAGE.md,Documentation,Analyzing,Docs,1
ğŸ“˜ WEB-SEARCH-TOOLS.md,docs/WEB-SEARCH-TOOLS.md,Documentation,Analyzing,Docs,1
ğŸ“˜ alacritty-enhancements-summary.md,scripts/alacritty-enhancements-summary.md,Documentation,Analyzing,Docs,1
ğŸ“˜ alacritty-regex-error-report.md,docs/alacritty-regex-error-report.md,Documentation,Analyzing,Docs,1
ğŸ“˜ audit_report_20251214_simple.md,reports/audit_report_20251214_simple.md,Documentation,Analyzing,Docs,1
ğŸ“˜ config_summary.md,reports/config_summary.md,Documentation,Analyzing,Docs,1
ğŸ“˜ mcp-server-implementation.md,.claude/mcp-server-implementation.md,Documentation,Analyzing,Docs,1
ğŸ“˜ ml-offload-phase2-design.md,docs/ml-offload-phase2-design.md,Documentation,Analyzing,Docs,1
ğŸ“˜ ml-offload-testing-plan.md,docs/ml-offload-testing-plan.md,Documentation,Analyzing,Docs,1
ğŸ“˜ mobile-workspace-setup-complete.md,docs/mobile-workspace-setup-complete.md,Documentation,Analyzing,Docs,1
ğŸ“˜ mosh-connection-test.md,docs/mosh-connection-test.md,Documentation,Analyzing,Docs,1
ğŸ“˜ neovim-integration-analysis.md,docs/neovim-integration-analysis.md,Documentation,Analyzing,Docs,1
ğŸ“˜ pull_request_template.md,.github/pull_request_template.md,Documentation,Analyzing,Docs,1
ğŸ“˜ relatorio.md,docs/relatorio.md,Documentation,Analyzing,Docs,1
ğŸ“˜ sample.md,docs/sample.md,Documentation,Analyzing,Docs,1
ğŸ“˜ ssh-mosh-setup-complete.md,docs/ssh-mosh-setup-complete.md,Documentation,Analyzing,Docs,1
ğŸ“˜ test.md,docs/test.md,Documentation,Analyzing,Docs,1
ğŸ“˜ vscode-remote-test-summary.md,scripts/vscode-remote-test-summary.md,Documentation,Analyzing,Docs,1
ğŸ“¦ AI-ARCHITECTURE-REPORT.json,arch/AI-ARCHITECTURE-REPORT.json,Data,Analyzing,Json,1
ğŸ“¦ ARCHITECTURE-REPORT.json,arch/ARCHITECTURE-REPORT.json,Data,Analyzing,Json,1
ğŸ“¦ settings.local.json,.claude/settings.local.json,Data,Analyzing,Json,1
â„ï¸ KERNELCORE-TAILSCALE-CONFIG.nix,docs/guides/KERNELCORE-TAILSCALE-CONFIG.nix,System Core,Analyzing,Nix,2
â„ï¸ TAILSCALE-LAPTOP-CLIENT.nix,docs/guides/TAILSCALE-LAPTOP-CLIENT.nix,System Core,Analyzing,Nix,2
â„ï¸ TAILSCALE-QUICK-START.nix,docs/guides/TAILSCALE-QUICK-START.nix,System Core,Analyzing,Nix,2
â„ï¸ ai-stack.nix,archive/modules/ai-stack.nix,System Core,Analyzing,Nix,2
â„ï¸ aide.nix,modules/security/aide.nix,System Core,Analyzing,Nix,2
â„ï¸ aliases.nix,archive/nix/aliases.nix,System Core,Analyzing,Nix,2
â„ï¸ aliases.nix,modules/system/aliases.nix,System Core,Analyzing,Nix,2
â„ï¸ api-keys.nix,modules/secrets/api-keys.nix,System Core,Analyzing,Nix,2
â„ï¸ appflowy.nix,modules/packages/appflowy.nix,System Core,Analyzing,Nix,2
â„ï¸ audit.nix,modules/security/audit.nix,System Core,Analyzing,Nix,2
â„ï¸ auto-upgrade.nix,modules/security/auto-upgrade.nix,System Core,Analyzing,Nix,2
â„ï¸ aws-bedrock.nix,modules/secrets/aws-bedrock.nix,System Core,Analyzing,Nix,2
â„ï¸ binary-cache.nix,modules/system/binary-cache.nix,System Core,Analyzing,Nix,2
â„ï¸ bluetooth.nix,modules/hardware/bluetooth.nix,System Core,Analyzing,Nix,2
â„ï¸ boot.nix,modules/security/boot.nix,System Core,Analyzing,Nix,2
â„ï¸ brave-secure.nix,modules/applications/brave-secure.nix,System Core,Analyzing,Nix,2
â„ï¸ bridge.nix,modules/network/bridge.nix,System Core,Analyzing,Nix,2
â„ï¸ cache-optimization.nix,modules/applications/cache-optimization.nix,System Core,Analyzing,Nix,2
â„ï¸ chromium.nix,modules/applications/chromium.nix,System Core,Analyzing,Nix,2
â„ï¸ cicd.nix,modules/development/cicd.nix,System Core,Analyzing,Nix,2
â„ï¸ clamav.nix,modules/security/clamav.nix,System Core,Analyzing,Nix,2
â„ï¸ claude-profiles.nix,modules/development/claude-profiles.nix,System Core,Analyzing,Nix,2
â„ï¸ cli-helpers.nix,modules/shell/cli-helpers.nix,System Core,Analyzing,Nix,2
â„ï¸ cognitive-vault.nix,modules/programs/cognitive-vault.nix,System Core,Analyzing,Nix,2
â„ï¸ compiler-hardening.nix,modules/security/compiler-hardening.nix,System Core,Analyzing,Nix,2
â„ï¸ config-auditor.nix,modules/services/config-auditor.nix,System Core,Analyzing,Nix,2
â„ï¸ configuration.nix,hosts/workstation/configuration.nix,System Core,Analyzing,Nix,2
â„ï¸ configuration.nix,hosts/kernelcore/configuration.nix,System Core,Analyzing,Nix,2
â„ï¸ configurations-template.nix,hosts/kernelcore/configurations-template.nix,System Core,Analyzing,Nix,2
â„ï¸ debug-init.nix,modules/debug/debug-init.nix,System Core,Analyzing,Nix,2
â„ï¸ default.nix,modules/development/default.nix,System Core,Analyzing,Nix,2
â„ï¸ default.nix,modules/tools/default.nix,System Core,Analyzing,Nix,2
â„ï¸ default.nix,modules/shell/default.nix,System Core,Analyzing,Nix,2
â„ï¸ default.nix,modules/hardware/default.nix,System Core,Analyzing,Nix,2
â„ï¸ default.nix,modules/network/default.nix,System Core,Analyzing,Nix,2
â„ï¸ default.nix,modules/containers/default.nix,System Core,Analyzing,Nix,2
â„ï¸ default.nix,modules/debug/default.nix,System Core,Analyzing,Nix,2
â„ï¸ default.nix,modules/applications/default.nix,System Core,Analyzing,Nix,2
â„ï¸ default.nix,modules/services/default.nix,System Core,Analyzing,Nix,2
â„ï¸ default.nix,modules/system/default.nix,System Core,Analyzing,Nix,2
â„ï¸ default.nix,modules/desktop/default.nix,System Core,Analyzing,Nix,2
â„ï¸ default.nix,modules/ml/default.nix,System Core,Analyzing,Nix,2
â„ï¸ default.nix,modules/security/default.nix,System Core,Analyzing,Nix,2
â„ï¸ default.nix,modules/virtualization/default.nix,System Core,Analyzing,Nix,2
â„ï¸ default.nix,modules/packages/default.nix,System Core,Analyzing,Nix,2
â„ï¸ default.nix,modules/soc/default.nix,System Core,Analyzing,Nix,2
â„ï¸ default.nix,modules/programs/default.nix,System Core,Analyzing,Nix,2
â„ï¸ default.nix,modules/audio/default.nix,System Core,Analyzing,Nix,2
â„ï¸ default.nix,modules/secrets/default.nix,System Core,Analyzing,Nix,2
â„ï¸ default.nix,hosts/kernelcore/default.nix,System Core,Analyzing,Nix,2
â„ï¸ dev-directory-hardening.nix,modules/security/dev-directory-hardening.nix,System Core,Analyzing,Nix,2
â„ï¸ dev.nix,modules/tools/dev.nix,System Core,Analyzing,Nix,2
â„ï¸ diagnostics.nix,modules/tools/diagnostics.nix,System Core,Analyzing,Nix,2
â„ï¸ dns-resolver.nix,modules/network/dns-resolver.nix,System Core,Analyzing,Nix,2
â„ï¸ docker-build.nix,archive/old-aliases-20251101/docker-build.nix,System Core,Analyzing,Nix,2
â„ï¸ docker-hub.nix,modules/containers/docker-hub.nix,System Core,Analyzing,Nix,2
â„ï¸ docker-nix.nix,archive/modules/docker-nix.nix,System Core,Analyzing,Nix,2
â„ï¸ docker-services.nix,tests/integration/docker-services.nix,System Core,Analyzing,Nix,2
â„ï¸ docker.nix,modules/containers/docker.nix,System Core,Analyzing,Nix,2
â„ï¸ electron-tuning.nix,modules/applications/electron-tuning.nix,System Core,Analyzing,Nix,2
â„ï¸ emergency-monitor.nix,modules/system/emergency-monitor.nix,System Core,Analyzing,Nix,2
â„ï¸ environments.nix,modules/development/environments.nix,System Core,Analyzing,Nix,2
â„ï¸ firefox-privacy.nix,modules/applications/firefox-privacy.nix,System Core,Analyzing,Nix,2
â„ï¸ gcloud-k8s.nix,archive/old-aliases-20251101/gcloud-k8s.nix,System Core,Analyzing,Nix,2
â„ï¸ generated.nix,modules/_sources/generated.nix,System Core,Analyzing,Nix,2
â„ï¸ gpu-compute.nix,archive/modules/gpu-compute.nix,System Core,Analyzing,Nix,2
â„ï¸ gpu-flags.nix,modules/shell/gpu-flags.nix,System Core,Analyzing,Nix,2
â„ï¸ gpu-orchestration.nix,modules/services/gpu-orchestration.nix,System Core,Analyzing,Nix,2
â„ï¸ hardening-template.nix,modules/security/hardening-template.nix,System Core,Analyzing,Nix,2
â„ï¸ hardening.nix,modules/security/hardening.nix,System Core,Analyzing,Nix,2
â„ï¸ hardware-configuration.nix,hosts/kernelcore/hardware-configuration.nix,System Core,Analyzing,Nix,2
â„ï¸ hyperlab.nix,archive/modules/hyperlab.nix,System Core,Analyzing,Nix,2
â„ï¸ hyprland.nix,modules/desktop/hyprland.nix,System Core,Analyzing,Nix,2
â„ï¸ i3-lightweight.nix,modules/desktop/i3-lightweight.nix,System Core,Analyzing,Nix,2
â„ï¸ intel.nix,modules/tools/intel.nix,System Core,Analyzing,Nix,2
â„ï¸ intel.nix,modules/hardware/intel.nix,System Core,Analyzing,Nix,2
â„ï¸ io-monitor.nix,modules/debug/io-monitor.nix,System Core,Analyzing,Nix,2
â„ï¸ io-scheduler.nix,modules/system/io-scheduler.nix,System Core,Analyzing,Nix,2
â„ï¸ jupyter.nix,modules/development/jupyter.nix,System Core,Analyzing,Nix,2
â„ï¸ kernel.nix,modules/security/kernel.nix,System Core,Analyzing,Nix,2
â„ï¸ keyring.nix,modules/security/keyring.nix,System Core,Analyzing,Nix,2
â„ï¸ laptop-builder-client.nix,modules/services/laptop-builder-client.nix,System Core,Analyzing,Nix,2
â„ï¸ laptop-offload-client.nix,modules/services/laptop-offload-client.nix,System Core,Analyzing,Nix,2
â„ï¸ lenovo-throttled.nix,modules/hardware/lenovo-throttled.nix,System Core,Analyzing,Nix,2
â„ï¸ llm.nix,modules/tools/llm.nix,System Core,Analyzing,Nix,2
â„ï¸ macos-kvm.nix,modules/virtualization/macos-kvm.nix,System Core,Analyzing,Nix,2
â„ï¸ macos-vm.nix,archive/modules/macos-vm.nix,System Core,Analyzing,Nix,2
â„ï¸ mcp-server.nix,modules/services/mcp-server.nix,System Core,Analyzing,Nix,2
â„ï¸ mcp.nix,modules/tools/mcp.nix,System Core,Analyzing,Nix,2
â„ï¸ memory.nix,modules/system/memory.nix,System Core,Analyzing,Nix,2
â„ï¸ ml-gpu-users.nix,modules/system/ml-gpu-users.nix,System Core,Analyzing,Nix,2
â„ï¸ mobile-workspace.nix,modules/services/mobile-workspace.nix,System Core,Analyzing,Nix,2
â„ï¸ monitoring.nix,archive/modules/monitoring.nix,System Core,Analyzing,Nix,2
â„ï¸ mosh.nix,modules/services/mosh.nix,System Core,Analyzing,Nix,2
â„ï¸ nemo-full.nix,modules/applications/nemo-full.nix,System Core,Analyzing,Nix,2
â„ï¸ network.nix,modules/security/network.nix,System Core,Analyzing,Nix,2
â„ï¸ networking.nix,tests/integration/networking.nix,System Core,Analyzing,Nix,2
â„ï¸ nix-daemon.nix,modules/security/nix-daemon.nix,System Core,Analyzing,Nix,2
â„ï¸ nix-utils.nix,modules/tools/nix-utils.nix,System Core,Analyzing,Nix,2
â„ï¸ nix.nix,modules/system/nix.nix,System Core,Analyzing,Nix,2
â„ï¸ nixos-containers.nix,modules/containers/nixos-containers.nix,System Core,Analyzing,Nix,2
â„ï¸ nvidia.nix,modules/hardware/nvidia.nix,System Core,Analyzing,Nix,2
â„ï¸ offload-server.nix,modules/services/offload-server.nix,System Core,Analyzing,Nix,2
â„ï¸ options.nix,modules/soc/options.nix,System Core,Analyzing,Nix,2
â„ï¸ packages.nix,modules/security/packages.nix,System Core,Analyzing,Nix,2
â„ï¸ pam.nix,modules/security/pam.nix,System Core,Analyzing,Nix,2
â„ï¸ phantom.nix,modules/programs/phantom.nix,System Core,Analyzing,Nix,2
â„ï¸ podman.nix,modules/containers/podman.nix,System Core,Analyzing,Nix,2
â„ï¸ production.nix,modules/audio/production.nix,System Core,Analyzing,Nix,2
â„ï¸ scripts.nix,modules/services/scripts.nix,System Core,Analyzing,Nix,2
â„ï¸ secops.nix,modules/tools/secops.nix,System Core,Analyzing,Nix,2
â„ï¸ secrets.nix,modules/tools/secrets.nix,System Core,Analyzing,Nix,2
â„ï¸ security-hardening.nix,tests/integration/security-hardening.nix,System Core,Analyzing,Nix,2
â„ï¸ services.nix,modules/system/services.nix,System Core,Analyzing,Nix,2
â„ï¸ sops-config.nix,modules/secrets/sops-config.nix,System Core,Analyzing,Nix,2
â„ï¸ ssh-config.nix,modules/system/ssh-config.nix,System Core,Analyzing,Nix,2
â„ï¸ ssh.nix,modules/security/ssh.nix,System Core,Analyzing,Nix,2
â„ï¸ tailscale.nix,modules/secrets/tailscale.nix,System Core,Analyzing,Nix,2
â„ï¸ test-helpers.nix,tests/lib/test-helpers.nix,System Core,Analyzing,Nix,2
â„ï¸ test-init.nix,modules/debug/test-init.nix,System Core,Analyzing,Nix,2
â„ï¸ thermal-profiles.nix,modules/hardware/thermal-profiles.nix,System Core,Analyzing,Nix,2
â„ï¸ tools-integration.nix,modules/debug/tools-integration.nix,System Core,Analyzing,Nix,2
â„ï¸ tools.nix,modules/soc/tools.nix,System Core,Analyzing,Nix,2
â„ï¸ training-logger.nix,modules/shell/training-logger.nix,System Core,Analyzing,Nix,2
â„ï¸ trezor.nix,modules/hardware/trezor.nix,System Core,Analyzing,Nix,2
â„ï¸ video-production.nix,modules/audio/video-production.nix,System Core,Analyzing,Nix,2
â„ï¸ vmctl.nix,modules/virtualization/vmctl.nix,System Core,Analyzing,Nix,2
â„ï¸ vmctl.nix,modules/programs/vmctl.nix,System Core,Analyzing,Nix,2
â„ï¸ vms.nix,modules/virtualization/vms.nix,System Core,Analyzing,Nix,2
â„ï¸ vscode-secure.nix,modules/applications/vscode-secure.nix,System Core,Analyzing,Nix,2
â„ï¸ vscodium-secure.nix,modules/applications/vscodium-secure.nix,System Core,Analyzing,Nix,2
â„ï¸ wifi-optimization.nix,modules/hardware/wifi-optimization.nix,System Core,Analyzing,Nix,2
â„ï¸ zellij.nix,modules/applications/zellij.nix,System Core,Analyzing,Nix,2
ğŸš io-surgeon.sh,scripts/surgical/io-surgeon.sh,Automation,Analyzing,Shell,2
ğŸš log-viewer.sh,scripts/nix-tools/log-viewer.sh,Automation,Analyzing,Shell,2
ğŸš module-catalog.sh,scripts/surgical/module-catalog.sh,Automation,Analyzing,Shell,2
ğŸš net-conflict.sh,scripts/surgical/net-conflict.sh,Automation,Analyzing,Shell,2
ğŸš ps-advanced.sh,scripts/surgical/ps-advanced.sh,Automation,Analyzing,Shell,2
ğŸš psi-sentinel.sh,scripts/surgical/psi-sentinel.sh,Automation,Analyzing,Shell,2
ğŸ“˜ AWS-BEDROCK-SETUP.md,docs/guides/AWS-BEDROCK-SETUP.md,Documentation,Analyzing,Docs,2
ğŸ“˜ CI_CD_README.md,docs/reports/CI_CD_README.md,Documentation,Analyzing,Docs,2
ğŸ“˜ COMPONENT-MAP.md,docs/architecture/COMPONENT-MAP.md,Documentation,Analyzing,Docs,2
ğŸ“˜ DEB-PACKAGES-GUIDE.md,docs/guides/DEB-PACKAGES-GUIDE.md,Documentation,Analyzing,Docs,2
ğŸ“˜ DOCUMENTATION.md,modules/packages/DOCUMENTATION.md,Documentation,Analyzing,Docs,2
ğŸ“˜ INTEGRATION.md,modules/shell/INTEGRATION.md,Documentation,Analyzing,Docs,2
ğŸ“˜ MODULES-INDEX.md,docs/architecture/MODULES-INDEX.md,Documentation,Analyzing,Docs,2
ğŸ“˜ MULTI-HOST-SETUP.md,docs/guides/MULTI-HOST-SETUP.md,Documentation,Analyzing,Docs,2
ğŸ“˜ PACKAGES-STATUS.md,modules/packages/PACKAGES-STATUS.md,Documentation,Analyzing,Docs,2
ğŸ“˜ QUICK-REFERENCE.md,docs/architecture/QUICK-REFERENCE.md,Documentation,Analyzing,Docs,2
ğŸ“˜ README.md,scripts/nixos-shell/README.md,Documentation,Analyzing,Docs,2
ğŸ“˜ README.md,scripts/nixos-ssh/README.md,Documentation,Analyzing,Docs,2
ğŸ“˜ README.md,.claude/skills/README.md,Documentation,Analyzing,Docs,2
ğŸ“˜ README.md,.claude/agents/README.md,Documentation,Analyzing,Docs,2
ğŸ“˜ README.md,.claude/workflows/README.md,Documentation,Analyzing,Docs,2
ğŸ“˜ README.md,modules/ml/README.md,Documentation,Analyzing,Docs,2
ğŸ“˜ README.md,modules/packages/README.md,Documentation,Analyzing,Docs,2
ğŸ“˜ README.md,modules/audio/README.md,Documentation,Analyzing,Docs,2
ğŸ“˜ README.md,docs/architecture/README.md,Documentation,Analyzing,Docs,2
ğŸ“˜ REBUILD-GUIDE.md,docs/system/REBUILD-GUIDE.md,Documentation,Analyzing,Docs,2
ğŸ“˜ REBUILD-PROFESSIONAL.md,docs/system/REBUILD-PROFESSIONAL.md,Documentation,Analyzing,Docs,2
ğŸ“˜ SECRETS.md,docs/guides/SECRETS.md,Documentation,Analyzing,Docs,2
ğŸ“˜ SECURITY_AUDIT_REPORT.md,docs/reports/SECURITY_AUDIT_REPORT.md,Documentation,Analyzing,Docs,2
ğŸ“˜ SERVICES_MIGRATION_PLAN.md,docs/reports/SERVICES_MIGRATION_PLAN.md,Documentation,Analyzing,Docs,2
ğŸ“˜ SETUP-SOPS-FINAL.md,docs/guides/SETUP-SOPS-FINAL.md,Documentation,Analyzing,Docs,2
ğŸ“˜ SETUP.md,modules/packages/SETUP.md,Documentation,Analyzing,Docs,2
ğŸ“˜ SSH-CONFIGURATION.md,docs/guides/SSH-CONFIGURATION.md,Documentation,Analyzing,Docs,2
ğŸ“˜ TAILSCALE-IMPLEMENTATION-SUMMARY.md,docs/guides/TAILSCALE-IMPLEMENTATION-SUMMARY.md,Documentation,Analyzing,Docs,2
ğŸ“˜ TAILSCALE-MESH-NETWORK.md,docs/guides/TAILSCALE-MESH-NETWORK.md,Documentation,Analyzing,Docs,2
ğŸ“˜ VISUAL-ARCHITECTURE.md,docs/architecture/VISUAL-ARCHITECTURE.md,Documentation,Analyzing,Docs,2
ğŸ“˜ ZELLIJ-GUIDE.md,docs/applications/ZELLIJ-GUIDE.md,Documentation,Analyzing,Docs,2
ğŸ“˜ agent-template.md,.claude/agents/agent-template.md,Documentation,Analyzing,Docs,2
ğŸ“˜ bedrock-investigation-brief.md,scripts/SecOps/bedrock-investigation-brief.md,Documentation,Analyzing,Docs,2
ğŸ“˜ bug_report.md,.github/ISSUE_TEMPLATE/bug_report.md,Documentation,Analyzing,Docs,2
ğŸ“˜ feature_request.md,.github/ISSUE_TEMPLATE/feature_request.md,Documentation,Analyzing,Docs,2
ğŸ“˜ ml-offload-phase1-test-report.md,docs/reports/ml-offload-phase1-test-report.md,Documentation,Analyzing,Docs,2
ğŸ“˜ security_issue.md,.github/ISSUE_TEMPLATE/security_issue.md,Documentation,Analyzing,Docs,2
ğŸ“˜ tree-ignore.md,archive/nix/tree-ignore.md,Documentation,Analyzing,Docs,2
ğŸ“¦ generated.json,modules/_sources/generated.json,Data,Analyzing,Json,2
ğŸ“¦ settings.local.json,scripts/.claude/settings.local.json,Data,Analyzing,Json,2
ğŸ“¦ settings.local.json,docs/.claude/settings.local.json,Data,Analyzing,Json,2
â„ï¸ actions.nix,modules/services/users/actions.nix,System Core,Analyzing,Nix,3
â„ï¸ alacritty.nix,hosts/kernelcore/home/alacritty.nix,System Core,Analyzing,Nix,3
â„ï¸ alerting.nix,modules/soc/alerting/alerting.nix,System Core,Analyzing,Nix,3
â„ï¸ brave.nix,hosts/kernelcore/home/brave.nix,System Core,Analyzing,Nix,3
â„ï¸ claude-code.nix,modules/services/users/claude-code.nix,System Core,Analyzing,Nix,3
â„ï¸ codex-agent.nix,modules/services/users/codex-agent.nix,System Core,Analyzing,Nix,3
â„ï¸ dao.nix,modules/blockchain/algorand/dao.nix,System Core,Analyzing,Nix,3
â„ï¸ default.nix,modules/tools/arch-analyzer/default.nix,System Core,Analyzing,Nix,3
â„ï¸ default.nix,modules/shell/aliases/default.nix,System Core,Analyzing,Nix,3
â„ï¸ default.nix,modules/hardware/i915-governor/default.nix,System Core,Analyzing,Nix,3
â„ï¸ default.nix,modules/network/proxy/default.nix,System Core,Analyzing,Nix,3
â„ï¸ default.nix,modules/network/dns/default.nix,System Core,Analyzing,Nix,3
â„ï¸ default.nix,modules/blockchain/algorand/default.nix,System Core,Analyzing,Nix,3
â„ï¸ default.nix,modules/services/users/default.nix,System Core,Analyzing,Nix,3
â„ï¸ default.nix,modules/ml/integrations/default.nix,System Core,Analyzing,Nix,3
â„ï¸ default.nix,modules/ml/services/default.nix,System Core,Analyzing,Nix,3
â„ï¸ default.nix,modules/ml/infrastructure/default.nix,System Core,Analyzing,Nix,3
â„ï¸ default.nix,modules/ml/orchestration/default.nix,System Core,Analyzing,Nix,3
â„ï¸ default.nix,modules/packages/zellij/default.nix,System Core,Analyzing,Nix,3
â„ï¸ default.nix,modules/packages/lynis/default.nix,System Core,Analyzing,Nix,3
â„ï¸ default.nix,modules/packages/gemini-cli/default.nix,System Core,Analyzing,Nix,3
â„ï¸ default.nix,modules/soc/anduril/default.nix,System Core,Analyzing,Nix,3
â„ï¸ dns-monitor.nix,modules/soc/network/dns-monitor.nix,System Core,Analyzing,Nix,3
â„ï¸ edr.nix,modules/soc/edr/edr.nix,System Core,Analyzing,Nix,3
â„ï¸ electron-config.nix,hosts/kernelcore/home/electron-config.nix,System Core,Analyzing,Nix,3
â„ï¸ emergency.nix,modules/shell/aliases/emergency.nix,System Core,Analyzing,Nix,3
â„ï¸ fim.nix,modules/soc/edr/fim.nix,System Core,Analyzing,Nix,3
â„ï¸ firefox.nix,hosts/kernelcore/home/firefox.nix,System Core,Analyzing,Nix,3
â„ï¸ firewall-zones.nix,modules/network/security/firewall-zones.nix,System Core,Analyzing,Nix,3
â„ï¸ flake.nix,archive/merged-repos/nixtrap/flake.nix,System Core,Analyzing,Nix,3
â„ï¸ flake.nix,modules/hardware/laptop-defense/flake.nix,System Core,Analyzing,Nix,3
â„ï¸ flake.nix,modules/ml/orchestration/flake.nix,System Core,Analyzing,Nix,3
â„ï¸ flameshot.nix,hosts/kernelcore/home/flameshot.nix,System Core,Analyzing,Nix,3
â„ï¸ gemini-agent.nix,modules/services/users/gemini-agent.nix,System Core,Analyzing,Nix,3
â„ï¸ generated.nix,modules/packages/_sources/generated.nix,System Core,Analyzing,Nix,3
â„ï¸ git.nix,hosts/kernelcore/home/git.nix,System Core,Analyzing,Nix,3
â„ï¸ gitlab-runner.nix,modules/services/users/gitlab-runner.nix,System Core,Analyzing,Nix,3
â„ï¸ grafana.nix,modules/soc/dashboards/grafana.nix,System Core,Analyzing,Nix,3
â„ï¸ home.nix,hosts/kernelcore/home/home.nix,System Core,Analyzing,Nix,3
â„ï¸ hyprland.nix,hosts/kernelcore/home/hyprland.nix,System Core,Analyzing,Nix,3
â„ï¸ laptop-defense.nix,modules/shell/aliases/laptop-defense.nix,System Core,Analyzing,Nix,3
â„ï¸ llama-cpp-turbo.nix,modules/ml/services/llama-cpp-turbo.nix,System Core,Analyzing,Nix,3
â„ï¸ log-aggregator.nix,modules/soc/siem/log-aggregator.nix,System Core,Analyzing,Nix,3
â„ï¸ macos-kvm.nix,modules/shell/aliases/macos-kvm.nix,System Core,Analyzing,Nix,3
â„ï¸ manager.nix,modules/ml/orchestration/manager.nix,System Core,Analyzing,Nix,3
â„ï¸ mcp-integration.nix,modules/hardware/laptop-defense/mcp-integration.nix,System Core,Analyzing,Nix,3
â„ï¸ mcp.nix,modules/shell/aliases/mcp.nix,System Core,Analyzing,Nix,3
â„ï¸ netflow.nix,modules/soc/network/netflow.nix,System Core,Analyzing,Nix,3
â„ï¸ nginx-tailscale.nix,modules/network/proxy/nginx-tailscale.nix,System Core,Analyzing,Nix,3
â„ï¸ nixos-explorer.nix,modules/shell/aliases/nixos-explorer.nix,System Core,Analyzing,Nix,3
â„ï¸ nordvpn.nix,modules/network/vpn/nordvpn.nix,System Core,Analyzing,Nix,3
â„ï¸ opensearch.nix,modules/soc/siem/opensearch.nix,System Core,Analyzing,Nix,3
â„ï¸ rebuild-hooks.nix,modules/hardware/laptop-defense/rebuild-hooks.nix,System Core,Analyzing,Nix,3
â„ï¸ service-control.nix,modules/shell/aliases/service-control.nix,System Core,Analyzing,Nix,3
â„ï¸ storage.nix,modules/ml/infrastructure/storage.nix,System Core,Analyzing,Nix,3
â„ï¸ suricata.nix,modules/soc/ids/suricata.nix,System Core,Analyzing,Nix,3
â„ï¸ sync.nix,modules/shell/aliases/sync.nix,System Core,Analyzing,Nix,3
â„ï¸ tailscale-desktop.nix,modules/network/vpn/tailscale-desktop.nix,System Core,Analyzing,Nix,3
â„ï¸ tailscale-laptop.nix,modules/network/vpn/tailscale-laptop.nix,System Core,Analyzing,Nix,3
â„ï¸ tailscale-monitor.nix,modules/network/monitoring/tailscale-monitor.nix,System Core,Analyzing,Nix,3
â„ï¸ tailscale-services.nix,modules/network/proxy/tailscale-services.nix,System Core,Analyzing,Nix,3
â„ï¸ tailscale.nix,modules/network/vpn/tailscale.nix,System Core,Analyzing,Nix,3
â„ï¸ theme.nix,hosts/kernelcore/home/theme.nix,System Core,Analyzing,Nix,3
â„ï¸ threat-intel.nix,modules/soc/ids/threat-intel.nix,System Core,Analyzing,Nix,3
â„ï¸ tmux.nix,hosts/kernelcore/home/tmux.nix,System Core,Analyzing,Nix,3
â„ï¸ vllm.nix,modules/ml/services/vllm.nix,System Core,Analyzing,Nix,3
â„ï¸ wazuh.nix,modules/soc/siem/wazuh.nix,System Core,Analyzing,Nix,3
â„ï¸ yazi.nix,modules/desktop/yazi/yazi.nix,System Core,Analyzing,Nix,3
â„ï¸ yazi.nix,hosts/kernelcore/home/yazi.nix,System Core,Analyzing,Nix,3
ğŸ auditor.py,modules/soc/anduril/auditor.py,Automation,Analyzing,Python,3
ğŸ gpu_monitor.py,scripts/nixos-shell/scripts/gpu_monitor.py,Automation,Analyzing,Python,3
ğŸ model_manager.py,scripts/nixos-shell/scripts/model_manager.py,Automation,Analyzing,Python,3
ğŸš start.sh,archive/merged-repos/nixtrap/start.sh,Automation,Analyzing,Shell,3
ğŸš void.sh,modules/system/bash/void.sh,Automation,Analyzing,Shell,3
ğŸ“˜ ALIAS-TRACKING-GUIDE.md,modules/shell/aliases/ALIAS-TRACKING-GUIDE.md,Documentation,Analyzing,Docs,3
ğŸ“˜ CLAUDE.md,archive/merged-repos/nixtrap/CLAUDE.md,Documentation,Analyzing,Docs,3
ğŸ“˜ NAVIGATION-GUIDE.md,modules/shell/aliases/NAVIGATION-GUIDE.md,Documentation,Analyzing,Docs,3
ğŸ“˜ README.md,archive/merged-repos/nixtrap/README.md,Documentation,Analyzing,Docs,3
ğŸ“˜ README.md,modules/shell/aliases/README.md,Documentation,Analyzing,Docs,3
ğŸ“˜ README.md,modules/network/dns/README.md,Documentation,Analyzing,Docs,3
ğŸ“˜ README.md,modules/ml/integrations/README.md,Documentation,Analyzing,Docs,3
ğŸ“˜ README.md,modules/ml/services/README.md,Documentation,Analyzing,Docs,3
ğŸ“˜ README.md,modules/ml/infrastructure/README.md,Documentation,Analyzing,Docs,3
ğŸ“˜ README.md,modules/ml/orchestration/README.md,Documentation,Analyzing,Docs,3
ğŸ“˜ UPDATED-REPORT.md,archive/merged-repos/nixtrap/UPDATED-REPORT.md,Documentation,Analyzing,Docs,3
ğŸ“¦ config.example.json,modules/network/dns/config.example.json,Data,Analyzing,Json,3
ğŸ“¦ generated.json,modules/packages/_sources/generated.json,Data,Analyzing,Json,3
ğŸ“¦ stig-database.json,modules/soc/anduril/stig-database.json,Data,Analyzing,Json,3
â„ï¸ agent-hub.nix,hosts/kernelcore/home/glassmorphism/agent-hub.nix,System Core,Analyzing,Nix,4
â„ï¸ analytics.nix,modules/shell/aliases/nix/analytics.nix,System Core,Analyzing,Nix,4
â„ï¸ api-server.nix,archive/merged-repos/nixtrap/modules/api-server.nix,System Core,Analyzing,Nix,4
â„ï¸ audit.nix,modules/packages/_archive/deb-packages/audit.nix,System Core,Analyzing,Nix,4
â„ï¸ aws.nix,modules/shell/aliases/amazon/aws.nix,System Core,Analyzing,Nix,4
â„ï¸ bash.nix,hosts/kernelcore/home/shell/bash.nix,System Core,Analyzing,Nix,4
â„ï¸ build-gemini.nix,modules/packages/_archive/js-packages/build-gemini.nix,System Core,Analyzing,Nix,4
â„ï¸ build.nix,modules/shell/aliases/docker/build.nix,System Core,Analyzing,Nix,4
â„ï¸ builder.nix,modules/packages/_archive/deb-packages/builder.nix,System Core,Analyzing,Nix,4
â„ï¸ builder.nix,modules/packages/_archive/js-packages/builder.nix,System Core,Analyzing,Nix,4
â„ï¸ builder.nix,modules/packages/_archive/tar-packages/builder.nix,System Core,Analyzing,Nix,4
â„ï¸ builders.nix,modules/packages/_archive/lib/builders.nix,System Core,Analyzing,Nix,4
â„ï¸ cache-bucket-setup.nix,archive/merged-repos/nixtrap/nixtrap2/cache-bucket-setup.nix,System Core,Analyzing,Nix,4
â„ï¸ cache-bucket-setup.nix,archive/merged-repos/nixtrap/modules/cache-bucket-setup.nix,System Core,Analyzing,Nix,4
â„ï¸ cache-server-nixtrap1.nix,archive/merged-repos/nixtrap/modules/cache-server-nixtrap1.nix,System Core,Analyzing,Nix,4
â„ï¸ cache-server.nix,archive/merged-repos/nixtrap/nixtrap2/cache-server.nix,System Core,Analyzing,Nix,4
â„ï¸ cache-server.nix,archive/merged-repos/nixtrap/modules/cache-server.nix,System Core,Analyzing,Nix,4
â„ï¸ caddy-module.nix,archive/merged-repos/nixtrap/nixtrap2/caddy-module.nix,System Core,Analyzing,Nix,4
â„ï¸ colors.nix,hosts/kernelcore/home/glassmorphism/colors.nix,System Core,Analyzing,Nix,4
â„ï¸ compose.nix,modules/shell/aliases/docker/compose.nix,System Core,Analyzing,Nix,4
â„ï¸ config.nix,modules/ml/integrations/mcp/config.nix,System Core,Analyzing,Nix,4
â„ï¸ configuration.nix,archive/merged-repos/nixtrap/nixtrap2/configuration.nix,System Core,Analyzing,Nix,4
â„ï¸ configuration.nix,archive/merged-repos/nixtrap/nixtrap1/configuration.nix,System Core,Analyzing,Nix,4
â„ï¸ database.nix,modules/ml/orchestration/registry/database.nix,System Core,Analyzing,Nix,4
â„ï¸ default.nix,modules/shell/aliases/kubernetes/default.nix,System Core,Analyzing,Nix,4
â„ï¸ default.nix,modules/shell/aliases/system/default.nix,System Core,Analyzing,Nix,4
â„ï¸ default.nix,modules/shell/aliases/docker/default.nix,System Core,Analyzing,Nix,4
â„ï¸ default.nix,modules/shell/aliases/desktop/default.nix,System Core,Analyzing,Nix,4
â„ï¸ default.nix,modules/shell/aliases/security/default.nix,System Core,Analyzing,Nix,4
â„ï¸ default.nix,modules/shell/aliases/gcloud/default.nix,System Core,Analyzing,Nix,4
â„ï¸ default.nix,modules/shell/aliases/amazon/default.nix,System Core,Analyzing,Nix,4
â„ï¸ default.nix,modules/shell/aliases/ai/default.nix,System Core,Analyzing,Nix,4
â„ï¸ default.nix,modules/shell/aliases/nix/default.nix,System Core,Analyzing,Nix,4
â„ï¸ default.nix,modules/ml/integrations/mcp/default.nix,System Core,Analyzing,Nix,4
â„ï¸ default.nix,modules/ml/integrations/neovim/default.nix,System Core,Analyzing,Nix,4
â„ï¸ default.nix,modules/ml/infrastructure/hardware/default.nix,System Core,Analyzing,Nix,4
â„ï¸ default.nix,modules/ml/infrastructure/vram/default.nix,System Core,Analyzing,Nix,4
â„ï¸ default.nix,modules/ml/orchestration/backends/default.nix,System Core,Analyzing,Nix,4
â„ï¸ default.nix,modules/ml/orchestration/registry/default.nix,System Core,Analyzing,Nix,4
â„ï¸ default.nix,modules/packages/_archive/deb-packages/default.nix,System Core,Analyzing,Nix,4
â„ï¸ default.nix,modules/packages/_archive/js-packages/default.nix,System Core,Analyzing,Nix,4
â„ï¸ default.nix,modules/packages/_archive/tar-packages/default.nix,System Core,Analyzing,Nix,4
â„ï¸ default.nix,modules/packages/_templates/tar-package/default.nix,System Core,Analyzing,Nix,4
â„ï¸ default.nix,modules/packages/_templates/deb-package/default.nix,System Core,Analyzing,Nix,4
â„ï¸ default.nix,modules/packages/_templates/npm-package/default.nix,System Core,Analyzing,Nix,4
â„ï¸ default.nix,hosts/kernelcore/home/shell/default.nix,System Core,Analyzing,Nix,4
â„ï¸ default.nix,hosts/kernelcore/home/glassmorphism/default.nix,System Core,Analyzing,Nix,4
â„ï¸ fetchers.nix,modules/packages/_archive/lib/fetchers.nix,System Core,Analyzing,Nix,4
â„ï¸ flake.nix,archive/merged-repos/nixtrap/nixtrap2/flake.nix,System Core,Analyzing,Nix,4
â„ï¸ flake.nix,archive/merged-repos/nixtrap/nixtrap1/flake.nix,System Core,Analyzing,Nix,4
â„ï¸ flake.nix,archive/merged-repos/nixtrap/terraform-ci/flake.nix,System Core,Analyzing,Nix,4
â„ï¸ gcloud.nix,modules/shell/aliases/gcloud/gcloud.nix,System Core,Analyzing,Nix,4
â„ï¸ gemini-cli.nix,modules/packages/_archive/js-packages/gemini-cli.nix,System Core,Analyzing,Nix,4
â„ï¸ hardware-configuration.nix,archive/merged-repos/nixtrap/nixtrap2/hardware-configuration.nix,System Core,Analyzing,Nix,4
â„ï¸ home.nix,archive/merged-repos/nixtrap/nixtrap2/home.nix,System Core,Analyzing,Nix,4
â„ï¸ hyprland.nix,modules/shell/aliases/desktop/hyprland.nix,System Core,Analyzing,Nix,4
â„ï¸ hyprlock.nix,hosts/kernelcore/home/glassmorphism/hyprlock.nix,System Core,Analyzing,Nix,4
â„ï¸ js-packages.nix,modules/packages/_archive/js-packages/js-packages.nix,System Core,Analyzing,Nix,4
â„ï¸ kitty.nix,hosts/kernelcore/home/glassmorphism/kitty.nix,System Core,Analyzing,Nix,4
â„ï¸ kubectl.nix,modules/shell/aliases/kubernetes/kubectl.nix,System Core,Analyzing,Nix,4
â„ï¸ laptop-offload-client.nix,archive/merged-repos/nixtrap/nixtrap2/laptop-offload-client.nix,System Core,Analyzing,Nix,4
â„ï¸ laptop-offload-client.nix,archive/merged-repos/nixtrap/modules/laptop-offload-client.nix,System Core,Analyzing,Nix,4
â„ï¸ mako.nix,hosts/kernelcore/home/glassmorphism/mako.nix,System Core,Analyzing,Nix,4
â„ï¸ mcp-offload-automation.nix,archive/merged-repos/nixtrap/nixtrap2/mcp-offload-automation.nix,System Core,Analyzing,Nix,4
â„ï¸ mcp-offload-automation.nix,archive/merged-repos/nixtrap/modules/mcp-offload-automation.nix,System Core,Analyzing,Nix,4
â„ï¸ monitoring.nix,archive/merged-repos/nixtrap/modules/monitoring.nix,System Core,Analyzing,Nix,4
â„ï¸ monitoring.nix,modules/ml/infrastructure/vram/monitoring.nix,System Core,Analyzing,Nix,4
â„ï¸ nar-server.nix,archive/merged-repos/nixtrap/nixtrap2/nar-server.nix,System Core,Analyzing,Nix,4
â„ï¸ nar-server.nix,archive/merged-repos/nixtrap/modules/nar-server.nix,System Core,Analyzing,Nix,4
â„ï¸ navigation.nix,modules/shell/aliases/system/navigation.nix,System Core,Analyzing,Nix,4
â„ï¸ nginx-module.nix,archive/merged-repos/nixtrap/nixtrap2/nginx-module.nix,System Core,Analyzing,Nix,4
â„ï¸ nginx-module.nix,archive/merged-repos/nixtrap/modules/nginx-module.nix,System Core,Analyzing,Nix,4
â„ï¸ nixos-aliases.nix,hosts/kernelcore/home/aliases/nixos-aliases.nix,System Core,Analyzing,Nix,4
â„ï¸ offload-server.nix,archive/merged-repos/nixtrap/nixtrap2/offload-server.nix,System Core,Analyzing,Nix,4
â„ï¸ offload-server.nix,archive/merged-repos/nixtrap/modules/offload-server.nix,System Core,Analyzing,Nix,4
â„ï¸ options.nix,hosts/kernelcore/home/shell/options.nix,System Core,Analyzing,Nix,4
â„ï¸ rebuild-advanced.nix,modules/shell/aliases/nix/rebuild-advanced.nix,System Core,Analyzing,Nix,4
â„ï¸ rebuild-helpers.nix,modules/shell/aliases/nix/rebuild-helpers.nix,System Core,Analyzing,Nix,4
â„ï¸ run.nix,modules/shell/aliases/docker/run.nix,System Core,Analyzing,Nix,4
â„ï¸ sandbox.nix,modules/packages/_archive/deb-packages/sandbox.nix,System Core,Analyzing,Nix,4
â„ï¸ sandbox.nix,modules/packages/_archive/lib/sandbox.nix,System Core,Analyzing,Nix,4
â„ï¸ secrets.nix,modules/shell/aliases/security/secrets.nix,System Core,Analyzing,Nix,4
â„ï¸ swappy.nix,hosts/kernelcore/home/glassmorphism/swappy.nix,System Core,Analyzing,Nix,4
â„ï¸ system.nix,modules/shell/aliases/nix/system.nix,System Core,Analyzing,Nix,4
â„ï¸ types.nix,modules/packages/_archive/lib/types.nix,System Core,Analyzing,Nix,4
â„ï¸ utils.nix,modules/shell/aliases/system/utils.nix,System Core,Analyzing,Nix,4
â„ï¸ vllm-driver.nix,modules/ml/orchestration/backends/vllm-driver.nix,System Core,Analyzing,Nix,4
â„ï¸ wallpaper.nix,hosts/kernelcore/home/glassmorphism/wallpaper.nix,System Core,Analyzing,Nix,4
â„ï¸ waybar.nix,hosts/kernelcore/home/glassmorphism/waybar.nix,System Core,Analyzing,Nix,4
â„ï¸ wlogout.nix,hosts/kernelcore/home/glassmorphism/wlogout.nix,System Core,Analyzing,Nix,4
â„ï¸ wofi.nix,hosts/kernelcore/home/glassmorphism/wofi.nix,System Core,Analyzing,Nix,4
â„ï¸ zellij.nix,hosts/kernelcore/home/glassmorphism/zellij.nix,System Core,Analyzing,Nix,4
â„ï¸ zsh.nix,hosts/kernelcore/home/shell/zsh.nix,System Core,Analyzing,Nix,4
ğŸ __init__.py,modules/tools/arch-analyzer/python/__init__.py,Automation,Analyzing,Python,4
ğŸ analyzer.py,modules/tools/arch-analyzer/python/analyzer.py,Automation,Analyzing,Python,4
ğŸ gpu_monitor.py,modules/shell/scripts/python/gpu_monitor.py,Automation,Analyzing,Python,4
ğŸ model_manager.py,modules/shell/scripts/python/model_manager.py,Automation,Analyzing,Python,4
ğŸ models.py,modules/tools/arch-analyzer/python/models.py,Automation,Analyzing,Python,4
ğŸ prompts.py,modules/tools/arch-analyzer/python/prompts.py,Automation,Analyzing,Python,4
ğŸš CHEATSHEET.sh,archive/merged-repos/nixtrap/nixtrap1/CHEATSHEET.sh,Automation,Analyzing,Shell,4
ğŸš DESKTOP-ADD-KEY.sh,archive/merged-repos/nixtrap/DebugLand/DESKTOP-ADD-KEY.sh,Automation,Analyzing,Shell,4
ğŸš DESKTOP-BUILDER-SETUP.sh,archive/merged-repos/nixtrap/DebugLand/DESKTOP-BUILDER-SETUP.sh,Automation,Analyzing,Shell,4
ğŸš FOR-DESKTOP-CLAUDE.sh,archive/merged-repos/nixtrap/DebugLand/FOR-DESKTOP-CLAUDE.sh,Automation,Analyzing,Shell,4
ğŸš ai-compose-stack.sh,hosts/kernelcore/home/aliases/ai-compose-stack.sh,Automation,Analyzing,Shell,4
ğŸš ai-ml-stack.sh,hosts/kernelcore/home/aliases/ai-ml-stack.sh,Automation,Analyzing,Shell,4
ğŸš aliases.sh,hosts/kernelcore/home/aliases/aliases.sh,Automation,Analyzing,Shell,4
ğŸš cache-api-server.sh,archive/merged-repos/nixtrap/nixtrap1/cache-api-server.sh,Automation,Analyzing,Shell,4
ğŸš gcloud.sh,hosts/kernelcore/home/aliases/gcloud.sh,Automation,Analyzing,Shell,4
ğŸš gpu-docker-core.sh,hosts/kernelcore/home/aliases/gpu-docker-core.sh,Automation,Analyzing,Shell,4
ğŸš gpu-management.sh,hosts/kernelcore/home/aliases/gpu-management.sh,Automation,Analyzing,Shell,4
ğŸš gpu.sh,hosts/kernelcore/home/aliases/gpu.sh,Automation,Analyzing,Shell,4
ğŸš install.sh,archive/merged-repos/nixtrap/nixtrap2/install.sh,Automation,Analyzing,Shell,4
ğŸš install.sh,archive/merged-repos/nixtrap/nixtrap1/install.sh,Automation,Analyzing,Shell,4
ğŸš litellm_runtime_manager.sh,hosts/kernelcore/home/aliases/litellm_runtime_manager.sh,Automation,Analyzing,Shell,4
ğŸš multimodal.sh,hosts/kernelcore/home/aliases/multimodal.sh,Automation,Analyzing,Shell,4
ğŸš nixos-cache-bootstrap.sh,archive/merged-repos/nixtrap/nixtrap1/nixos-cache-bootstrap.sh,Automation,Analyzing,Shell,4
ğŸš nx.sh,hosts/kernelcore/home/aliases/nx.sh,Automation,Analyzing,Shell,4
ğŸ“˜ CLAUDE.md,archive/merged-repos/nixtrap/nixtrap2/CLAUDE.md,Documentation,Analyzing,Docs,4
ğŸ“˜ DESKTOP-BUILDER-SETUP.md,archive/merged-repos/nixtrap/DebugLand/DESKTOP-BUILDER-SETUP.md,Documentation,Analyzing,Docs,4
ğŸ“˜ DESKTOP-TRUSTED-USERS.md,archive/merged-repos/nixtrap/DebugLand/DESKTOP-TRUSTED-USERS.md,Documentation,Analyzing,Docs,4
ğŸ“˜ FLAKE-GUIDE.md,archive/merged-repos/nixtrap/nixtrap1/FLAKE-GUIDE.md,Documentation,Analyzing,Docs,4
ğŸ“˜ README-COMPLETO.md,archive/merged-repos/nixtrap/nixtrap1/README-COMPLETO.md,Documentation,Analyzing,Docs,4
ğŸ“˜ README.md,archive/merged-repos/nixtrap/nixtrap2/README.md,Documentation,Analyzing,Docs,4
ğŸ“˜ README.md,archive/merged-repos/nixtrap/nixtrap1/README.md,Documentation,Analyzing,Docs,4
ğŸ“˜ README.md,modules/ml/integrations/neovim/README.md,Documentation,Analyzing,Docs,4
ğŸ“˜ README.md,modules/packages/_archive/deb-packages/README.md,Documentation,Analyzing,Docs,4
ğŸ“˜ README.md,modules/packages/_archive/tar-packages/README.md,Documentation,Analyzing,Docs,4
ğŸ“˜ README.md,hosts/kernelcore/home/shell/README.md,Documentation,Analyzing,Docs,4
ğŸ“˜ README.md,hosts/kernelcore/home/glassmorphism/README.md,Documentation,Analyzing,Docs,4
ğŸ“¦ package.json,archive/merged-repos/nixtrap/nixtrap1/package.json,Data,Analyzing,Json,4
ğŸ“¦ settings.local.json,archive/merged-repos/nixtrap/.claude/settings.local.json,Data,Analyzing,Json,4
ğŸ“¦ tsconfig.json,archive/merged-repos/nixtrap/nixtrap1/tsconfig.json,Data,Analyzing,Json,4
â„ï¸ all.nix,modules/packages/_archive/deb-packages/packages/all.nix,System Core,Analyzing,Nix,5
â„ï¸ antigravity.nix,modules/packages/_archive/tar-packages/packages/antigravity.nix,System Core,Analyzing,Nix,5
â„ï¸ api-server.nix,archive/merged-repos/nixtrap/nixtrap1/modules/api-server.nix,System Core,Analyzing,Nix,5
â„ï¸ appflowy.nix,modules/packages/_archive/tar-packages/packages/appflowy.nix,System Core,Analyzing,Nix,5
â„ï¸ cache-server.nix,archive/merged-repos/nixtrap/nixtrap1/modules/cache-server.nix,System Core,Analyzing,Nix,5
â„ï¸ codex.nix,modules/packages/_archive/tar-packages/packages/codex.nix,System Core,Analyzing,Nix,5
â„ï¸ configuration.nix,archive/merged-repos/nixtrap/templates/desktop/configuration.nix,System Core,Analyzing,Nix,5
â„ï¸ configuration.nix,archive/merged-repos/nixtrap/configurations/cache-server/configuration.nix,System Core,Analyzing,Nix,5
â„ï¸ configuration.nix,archive/merged-repos/nixtrap/configurations/desktop/configuration.nix,System Core,Analyzing,Nix,5
â„ï¸ configuration.nix,archive/merged-repos/nixtrap/configurations/hybrid/configuration.nix,System Core,Analyzing,Nix,5
â„ï¸ cursor.nix,modules/packages/_archive/deb-packages/packages/cursor.nix,System Core,Analyzing,Nix,5
â„ï¸ example.nix,modules/packages/_archive/deb-packages/packages/example.nix,System Core,Analyzing,Nix,5
â„ï¸ flake.nix,archive/merged-repos/nixtrap/templates/desktop/flake.nix,System Core,Analyzing,Nix,5
â„ï¸ hardware-configuration.nix,archive/merged-repos/nixtrap/configurations/desktop/hardware-configuration.nix,System Core,Analyzing,Nix,5
â„ï¸ hardware-configuration.nix,archive/merged-repos/nixtrap/configurations/hybrid/hardware-configuration.nix,System Core,Analyzing,Nix,5
â„ï¸ home.nix,archive/merged-repos/nixtrap/templates/desktop/home.nix,System Core,Analyzing,Nix,5
â„ï¸ lynis.nix,modules/packages/_archive/tar-packages/packages/lynis.nix,System Core,Analyzing,Nix,5
â„ï¸ monitoring.nix,archive/merged-repos/nixtrap/nixtrap1/modules/monitoring.nix,System Core,Analyzing,Nix,5
â„ï¸ protonvpn.nix,modules/packages/_archive/deb-packages/packages/protonvpn.nix,System Core,Analyzing,Nix,5
â„ï¸ zellij.nix,modules/packages/_archive/tar-packages/packages/zellij.nix,System Core,Analyzing,Nix,5
ğŸ“˜ README.md,archive/merged-repos/nixtrap/templates/desktop/README.md,Documentation,Analyzing,Docs,5
ğŸ“˜ README.md,archive/merged-repos/nixtrap/configurations/cache-server/README.md,Documentation,Analyzing,Docs,5
ğŸ“˜ README.md,archive/merged-repos/nixtrap/configurations/desktop/README.md,Documentation,Analyzing,Docs,5
ğŸ“˜ README.md,archive/merged-repos/nixtrap/configurations/hybrid/README.md,Documentation,Analyzing,Docs,5
ğŸ“˜ README.md,modules/packages/_archive/deb-packages/storage/README.md,Documentation,Analyzing,Docs,5
ğŸ“˜ README.md,modules/packages/_archive/deb-packages/packages/README.md,Documentation,Analyzing,Docs,5
ğŸ“˜ README.md,modules/packages/_archive/js-packages/storage/README.md,Documentation,Analyzing,Docs,5
â„ï¸ flake.nix,archive/merged-repos/nixtrap/nixtrap1/templates/minimal/flake.nix,System Core,Analyzing,Nix,6
â„ï¸ flake.nix,archive/merged-repos/nixtrap/nixtrap1/templates/full/flake.nix,System Core,Analyzing,Nix,6
ğŸ“˜ CONTRIBUTING.md,modules/packages/_archive/js-packages/storage/gemini-cli-0.19.0-nightly.20251124.e177314a4/CONTRIBUTING.md,Documentation,Analyzing,Docs,6
ğŸ“˜ GEMINI.md,modules/packages/_archive/js-packages/storage/gemini-cli-0.19.0-nightly.20251124.e177314a4/GEMINI.md,Documentation,Analyzing,Docs,6
ğŸ“˜ README.md,archive/merged-repos/nixtrap/nixtrap1/templates/minimal/README.md,Documentation,Analyzing,Docs,6
ğŸ“˜ README.md,archive/merged-repos/nixtrap/nixtrap1/templates/full/README.md,Documentation,Analyzing,Docs,6
ğŸ“˜ README.md,modules/packages/_archive/js-packages/storage/gemini-cli-0.19.0-nightly.20251124.e177314a4/README.md,Documentation,Analyzing,Docs,6
ğŸ“˜ ROADMAP.md,modules/packages/_archive/js-packages/storage/gemini-cli-0.19.0-nightly.20251124.e177314a4/ROADMAP.md,Documentation,Analyzing,Docs,6
ğŸ“˜ SECURITY.md,modules/packages/_archive/js-packages/storage/gemini-cli-0.19.0-nightly.20251124.e177314a4/SECURITY.md,Documentation,Analyzing,Docs,6
ğŸ“¦ .prettierrc.json,modules/packages/_archive/js-packages/storage/gemini-cli-0.19.0-nightly.20251124.e177314a4/.prettierrc.json,Data,Analyzing,Json,6
ğŸ“¦ package-lock.json,modules/packages/_archive/js-packages/storage/gemini-cli-0.19.0-nightly.20251124.e177314a4/package-lock.json,Data,Analyzing,Json,6
ğŸ“¦ package.json,modules/packages/_archive/js-packages/storage/gemini-cli-0.19.0-nightly.20251124.e177314a4/package.json,Data,Analyzing,Json,6
ğŸ“¦ tsconfig.json,modules/packages/_archive/js-packages/storage/gemini-cli-0.19.0-nightly.20251124.e177314a4/tsconfig.json,Data,Analyzing,Json,6
ğŸš create_alias.sh,modules/packages/_archive/js-packages/storage/gemini-cli-0.19.0-nightly.20251124.e177314a4/scripts/create_alias.sh,Automation,Analyzing,Shell,7
ğŸ“˜ CONTRIBUTING.md,modules/packages/_archive/js-packages/storage/gemini-cli-0.19.0-nightly.20251124.e177314a4/docs/CONTRIBUTING.md,Documentation,Analyzing,Docs,7
ğŸ“˜ architecture.md,modules/packages/_archive/js-packages/storage/gemini-cli-0.19.0-nightly.20251124.e177314a4/docs/architecture.md,Documentation,Analyzing,Docs,7
ğŸ“˜ faq.md,modules/packages/_archive/js-packages/storage/gemini-cli-0.19.0-nightly.20251124.e177314a4/docs/faq.md,Documentation,Analyzing,Docs,7
ğŸ“˜ index.md,modules/packages/_archive/js-packages/storage/gemini-cli-0.19.0-nightly.20251124.e177314a4/docs/index.md,Documentation,Analyzing,Docs,7
ğŸ“˜ integration-tests.md,modules/packages/_archive/js-packages/storage/gemini-cli-0.19.0-nightly.20251124.e177314a4/docs/integration-tests.md,Documentation,Analyzing,Docs,7
ğŸ“˜ issue-and-pr-automation.md,modules/packages/_archive/js-packages/storage/gemini-cli-0.19.0-nightly.20251124.e177314a4/docs/issue-and-pr-automation.md,Documentation,Analyzing,Docs,7
ğŸ“˜ local-development.md,modules/packages/_archive/js-packages/storage/gemini-cli-0.19.0-nightly.20251124.e177314a4/docs/local-development.md,Documentation,Analyzing,Docs,7
ğŸ“˜ npm.md,modules/packages/_archive/js-packages/storage/gemini-cli-0.19.0-nightly.20251124.e177314a4/docs/npm.md,Documentation,Analyzing,Docs,7
ğŸ“˜ pull_request_template.md,modules/packages/_archive/js-packages/storage/gemini-cli-0.19.0-nightly.20251124.e177314a4/.github/pull_request_template.md,Documentation,Analyzing,Docs,7
ğŸ“˜ quota-and-pricing.md,modules/packages/_archive/js-packages/storage/gemini-cli-0.19.0-nightly.20251124.e177314a4/docs/quota-and-pricing.md,Documentation,Analyzing,Docs,7
ğŸ“˜ release-confidence.md,modules/packages/_archive/js-packages/storage/gemini-cli-0.19.0-nightly.20251124.e177314a4/docs/release-confidence.md,Documentation,Analyzing,Docs,7
ğŸ“˜ releases.md,modules/packages/_archive/js-packages/storage/gemini-cli-0.19.0-nightly.20251124.e177314a4/docs/releases.md,Documentation,Analyzing,Docs,7
ğŸ“˜ tos-privacy.md,modules/packages/_archive/js-packages/storage/gemini-cli-0.19.0-nightly.20251124.e177314a4/docs/tos-privacy.md,Documentation,Analyzing,Docs,7
ğŸ“˜ troubleshooting.md,modules/packages/_archive/js-packages/storage/gemini-cli-0.19.0-nightly.20251124.e177314a4/docs/troubleshooting.md,Documentation,Analyzing,Docs,7
ğŸ“¦ gemini-extension.json,modules/packages/_archive/js-packages/storage/gemini-cli-0.19.0-nightly.20251124.e177314a4/hello/gemini-extension.json,Data,Analyzing,Json,7
ğŸ“¦ settings.schema.json,modules/packages/_archive/js-packages/storage/gemini-cli-0.19.0-nightly.20251124.e177314a4/schemas/settings.schema.json,Data,Analyzing,Json,7
ğŸ“¦ sidebar.json,modules/packages/_archive/js-packages/storage/gemini-cli-0.19.0-nightly.20251124.e177314a4/docs/sidebar.json,Data,Analyzing,Json,7
ğŸ“¦ tsconfig.json,modules/packages/_archive/js-packages/storage/gemini-cli-0.19.0-nightly.20251124.e177314a4/integration-tests/tsconfig.json,Data,Analyzing,Json,7
ğŸš pr-triage.sh,modules/packages/_archive/js-packages/storage/gemini-cli-0.19.0-nightly.20251124.e177314a4/.github/scripts/pr-triage.sh,Automation,Analyzing,Shell,8
ğŸ“˜ README.md,modules/packages/_archive/js-packages/storage/gemini-cli-0.19.0-nightly.20251124.e177314a4/packages/vscode-ide-companion/README.md,Documentation,Analyzing,Docs,8
ğŸ“˜ README.md,modules/packages/_archive/js-packages/storage/gemini-cli-0.19.0-nightly.20251124.e177314a4/packages/a2a-server/README.md,Documentation,Analyzing,Docs,8
ğŸ“˜ authentication.md,modules/packages/_archive/js-packages/storage/gemini-cli-0.19.0-nightly.20251124.e177314a4/docs/cli/authentication.md,Documentation,Analyzing,Docs,8
ğŸ“˜ authentication.md,modules/packages/_archive/js-packages/storage/gemini-cli-0.19.0-nightly.20251124.e177314a4/docs/get-started/authentication.md,Documentation,Analyzing,Docs,8
ğŸ“˜ checkpointing.md,modules/packages/_archive/js-packages/storage/gemini-cli-0.19.0-nightly.20251124.e177314a4/docs/cli/checkpointing.md,Documentation,Analyzing,Docs,8
ğŸ“˜ commands.md,modules/packages/_archive/js-packages/storage/gemini-cli-0.19.0-nightly.20251124.e177314a4/docs/cli/commands.md,Documentation,Analyzing,Docs,8
ğŸ“˜ configuration-v1.md,modules/packages/_archive/js-packages/storage/gemini-cli-0.19.0-nightly.20251124.e177314a4/docs/get-started/configuration-v1.md,Documentation,Analyzing,Docs,8
ğŸ“˜ configuration.md,modules/packages/_archive/js-packages/storage/gemini-cli-0.19.0-nightly.20251124.e177314a4/docs/cli/configuration.md,Documentation,Analyzing,Docs,8
ğŸ“˜ configuration.md,modules/packages/_archive/js-packages/storage/gemini-cli-0.19.0-nightly.20251124.e177314a4/docs/get-started/configuration.md,Documentation,Analyzing,Docs,8
ğŸ“˜ custom-commands.md,modules/packages/_archive/js-packages/storage/gemini-cli-0.19.0-nightly.20251124.e177314a4/docs/cli/custom-commands.md,Documentation,Analyzing,Docs,8
ğŸ“˜ deployment.md,modules/packages/_archive/js-packages/storage/gemini-cli-0.19.0-nightly.20251124.e177314a4/docs/get-started/deployment.md,Documentation,Analyzing,Docs,8
ğŸ“˜ development-extension-rfc.md,modules/packages/_archive/js-packages/storage/gemini-cli-0.19.0-nightly.20251124.e177314a4/packages/a2a-server/development-extension-rfc.md,Documentation,Analyzing,Docs,8
ğŸ“˜ development.md,modules/packages/_archive/js-packages/storage/gemini-cli-0.19.0-nightly.20251124.e177314a4/packages/vscode-ide-companion/development.md,Documentation,Analyzing,Docs,8
ğŸ“˜ enterprise.md,modules/packages/_archive/js-packages/storage/gemini-cli-0.19.0-nightly.20251124.e177314a4/docs/cli/enterprise.md,Documentation,Analyzing,Docs,8
ğŸ“˜ examples.md,modules/packages/_archive/js-packages/storage/gemini-cli-0.19.0-nightly.20251124.e177314a4/docs/get-started/examples.md,Documentation,Analyzing,Docs,8
ğŸ“˜ extension-releasing.md,modules/packages/_archive/js-packages/storage/gemini-cli-0.19.0-nightly.20251124.e177314a4/docs/extensions/extension-releasing.md,Documentation,Analyzing,Docs,8
ğŸ“˜ file-system.md,modules/packages/_archive/js-packages/storage/gemini-cli-0.19.0-nightly.20251124.e177314a4/docs/tools/file-system.md,Documentation,Analyzing,Docs,8
ğŸ“˜ gemini-3.md,modules/packages/_archive/js-packages/storage/gemini-cli-0.19.0-nightly.20251124.e177314a4/docs/get-started/gemini-3.md,Documentation,Analyzing,Docs,8
ğŸ“˜ gemini-ignore.md,modules/packages/_archive/js-packages/storage/gemini-cli-0.19.0-nightly.20251124.e177314a4/docs/cli/gemini-ignore.md,Documentation,Analyzing,Docs,8
ğŸ“˜ gemini-md.md,modules/packages/_archive/js-packages/storage/gemini-cli-0.19.0-nightly.20251124.e177314a4/docs/cli/gemini-md.md,Documentation,Analyzing,Docs,8
ğŸ“˜ getting-started-extensions.md,modules/packages/_archive/js-packages/storage/gemini-cli-0.19.0-nightly.20251124.e177314a4/docs/extensions/getting-started-extensions.md,Documentation,Analyzing,Docs,8
ğŸ“˜ headless.md,modules/packages/_archive/js-packages/storage/gemini-cli-0.19.0-nightly.20251124.e177314a4/docs/cli/headless.md,Documentation,Analyzing,Docs,8
ğŸ“˜ ide-companion-spec.md,modules/packages/_archive/js-packages/storage/gemini-cli-0.19.0-nightly.20251124.e177314a4/docs/ide-integration/ide-companion-spec.md,Documentation,Analyzing,Docs,8
ğŸ“˜ index.md,modules/packages/_archive/js-packages/storage/gemini-cli-0.19.0-nightly.20251124.e177314a4/docs/tools/index.md,Documentation,Analyzing,Docs,8
ğŸ“˜ index.md,modules/packages/_archive/js-packages/storage/gemini-cli-0.19.0-nightly.20251124.e177314a4/docs/changelogs/index.md,Documentation,Analyzing,Docs,8
ğŸ“˜ index.md,modules/packages/_archive/js-packages/storage/gemini-cli-0.19.0-nightly.20251124.e177314a4/docs/cli/index.md,Documentation,Analyzing,Docs,8
ğŸ“˜ index.md,modules/packages/_archive/js-packages/storage/gemini-cli-0.19.0-nightly.20251124.e177314a4/docs/get-started/index.md,Documentation,Analyzing,Docs,8
ğŸ“˜ index.md,modules/packages/_archive/js-packages/storage/gemini-cli-0.19.0-nightly.20251124.e177314a4/docs/ide-integration/index.md,Documentation,Analyzing,Docs,8
ğŸ“˜ index.md,modules/packages/_archive/js-packages/storage/gemini-cli-0.19.0-nightly.20251124.e177314a4/docs/extensions/index.md,Documentation,Analyzing,Docs,8
ğŸ“˜ index.md,modules/packages/_archive/js-packages/storage/gemini-cli-0.19.0-nightly.20251124.e177314a4/docs/core/index.md,Documentation,Analyzing,Docs,8
ğŸ“˜ installation.md,modules/packages/_archive/js-packages/storage/gemini-cli-0.19.0-nightly.20251124.e177314a4/docs/get-started/installation.md,Documentation,Analyzing,Docs,8
ğŸ“˜ keyboard-shortcuts.md,modules/packages/_archive/js-packages/storage/gemini-cli-0.19.0-nightly.20251124.e177314a4/docs/cli/keyboard-shortcuts.md,Documentation,Analyzing,Docs,8
ğŸ“˜ mcp-server.md,modules/packages/_archive/js-packages/storage/gemini-cli-0.19.0-nightly.20251124.e177314a4/docs/tools/mcp-server.md,Documentation,Analyzing,Docs,8
ğŸ“˜ memory.md,modules/packages/_archive/js-packages/storage/gemini-cli-0.19.0-nightly.20251124.e177314a4/docs/tools/memory.md,Documentation,Analyzing,Docs,8
ğŸ“˜ memport.md,modules/packages/_archive/js-packages/storage/gemini-cli-0.19.0-nightly.20251124.e177314a4/docs/core/memport.md,Documentation,Analyzing,Docs,8
ğŸ“˜ model-routing.md,modules/packages/_archive/js-packages/storage/gemini-cli-0.19.0-nightly.20251124.e177314a4/docs/cli/model-routing.md,Documentation,Analyzing,Docs,8
ğŸ“˜ model.md,modules/packages/_archive/js-packages/storage/gemini-cli-0.19.0-nightly.20251124.e177314a4/docs/cli/model.md,Documentation,Analyzing,Docs,8
ğŸ“˜ policy-engine.md,modules/packages/_archive/js-packages/storage/gemini-cli-0.19.0-nightly.20251124.e177314a4/docs/core/policy-engine.md,Documentation,Analyzing,Docs,8
ğŸ“˜ proxy-script.md,modules/packages/_archive/js-packages/storage/gemini-cli-0.19.0-nightly.20251124.e177314a4/docs/examples/proxy-script.md,Documentation,Analyzing,Docs,8
ğŸ“˜ sandbox.md,modules/packages/_archive/js-packages/storage/gemini-cli-0.19.0-nightly.20251124.e177314a4/docs/cli/sandbox.md,Documentation,Analyzing,Docs,8
ğŸ“˜ settings.md,modules/packages/_archive/js-packages/storage/gemini-cli-0.19.0-nightly.20251124.e177314a4/docs/cli/settings.md,Documentation,Analyzing,Docs,8
ğŸ“˜ shell.md,modules/packages/_archive/js-packages/storage/gemini-cli-0.19.0-nightly.20251124.e177314a4/docs/tools/shell.md,Documentation,Analyzing,Docs,8
ğŸ“˜ telemetry.md,modules/packages/_archive/js-packages/storage/gemini-cli-0.19.0-nightly.20251124.e177314a4/docs/cli/telemetry.md,Documentation,Analyzing,Docs,8
ğŸ“˜ themes.md,modules/packages/_archive/js-packages/storage/gemini-cli-0.19.0-nightly.20251124.e177314a4/docs/cli/themes.md,Documentation,Analyzing,Docs,8
ğŸ“˜ todos.md,modules/packages/_archive/js-packages/storage/gemini-cli-0.19.0-nightly.20251124.e177314a4/docs/tools/todos.md,Documentation,Analyzing,Docs,8
ğŸ“˜ token-caching.md,modules/packages/_archive/js-packages/storage/gemini-cli-0.19.0-nightly.20251124.e177314a4/docs/cli/token-caching.md,Documentation,Analyzing,Docs,8
ğŸ“˜ tools-api.md,modules/packages/_archive/js-packages/storage/gemini-cli-0.19.0-nightly.20251124.e177314a4/docs/core/tools-api.md,Documentation,Analyzing,Docs,8
ğŸ“˜ trusted-folders.md,modules/packages/_archive/js-packages/storage/gemini-cli-0.19.0-nightly.20251124.e177314a4/docs/cli/trusted-folders.md,Documentation,Analyzing,Docs,8
ğŸ“˜ tutorials.md,modules/packages/_archive/js-packages/storage/gemini-cli-0.19.0-nightly.20251124.e177314a4/docs/cli/tutorials.md,Documentation,Analyzing,Docs,8
ğŸ“˜ uninstall.md,modules/packages/_archive/js-packages/storage/gemini-cli-0.19.0-nightly.20251124.e177314a4/docs/cli/uninstall.md,Documentation,Analyzing,Docs,8
ğŸ“˜ web-fetch.md,modules/packages/_archive/js-packages/storage/gemini-cli-0.19.0-nightly.20251124.e177314a4/docs/tools/web-fetch.md,Documentation,Analyzing,Docs,8
ğŸ“˜ web-search.md,modules/packages/_archive/js-packages/storage/gemini-cli-0.19.0-nightly.20251124.e177314a4/docs/tools/web-search.md,Documentation,Analyzing,Docs,8
ğŸ“¦ package.json,modules/packages/_archive/js-packages/storage/gemini-cli-0.19.0-nightly.20251124.e177314a4/packages/vscode-ide-companion/package.json,Data,Analyzing,Json,8
ğŸ“¦ package.json,modules/packages/_archive/js-packages/storage/gemini-cli-0.19.0-nightly.20251124.e177314a4/packages/test-utils/package.json,Data,Analyzing,Json,8
ğŸ“¦ package.json,modules/packages/_archive/js-packages/storage/gemini-cli-0.19.0-nightly.20251124.e177314a4/packages/cli/package.json,Data,Analyzing,Json,8
ğŸ“¦ package.json,modules/packages/_archive/js-packages/storage/gemini-cli-0.19.0-nightly.20251124.e177314a4/packages/a2a-server/package.json,Data,Analyzing,Json,8
ğŸ“¦ package.json,modules/packages/_archive/js-packages/storage/gemini-cli-0.19.0-nightly.20251124.e177314a4/packages/core/package.json,Data,Analyzing,Json,8
ğŸ“¦ package.json,modules/packages/_archive/js-packages/storage/gemini-cli-0.19.0-nightly.20251124.e177314a4/third_party/get-ripgrep/package.json,Data,Analyzing,Json,8
ğŸ“¦ tsconfig.json,modules/packages/_archive/js-packages/storage/gemini-cli-0.19.0-nightly.20251124.e177314a4/packages/vscode-ide-companion/tsconfig.json,Data,Analyzing,Json,8
ğŸ“¦ tsconfig.json,modules/packages/_archive/js-packages/storage/gemini-cli-0.19.0-nightly.20251124.e177314a4/packages/test-utils/tsconfig.json,Data,Analyzing,Json,8
ğŸ“¦ tsconfig.json,modules/packages/_archive/js-packages/storage/gemini-cli-0.19.0-nightly.20251124.e177314a4/packages/cli/tsconfig.json,Data,Analyzing,Json,8
ğŸ“¦ tsconfig.json,modules/packages/_archive/js-packages/storage/gemini-cli-0.19.0-nightly.20251124.e177314a4/packages/a2a-server/tsconfig.json,Data,Analyzing,Json,8
ğŸ“¦ tsconfig.json,modules/packages/_archive/js-packages/storage/gemini-cli-0.19.0-nightly.20251124.e177314a4/packages/core/tsconfig.json,Data,Analyzing,Json,8
ğŸ“¦ resolved-aliases.golden.json,modules/packages/_archive/js-packages/storage/gemini-cli-0.19.0-nightly.20251124.e177314a4/packages/core/src/services/test-data/resolved-aliases.golden.json,Data,Analyzing,Json,11
ğŸ“˜ GEMINI.md,modules/packages/_archive/js-packages/storage/gemini-cli-0.19.0-nightly.20251124.e177314a4/packages/cli/src/commands/extensions/examples/context/GEMINI.md,Documentation,Analyzing,Docs,13
ğŸ“¦ gemini-extension.json,modules/packages/_archive/js-packages/storage/gemini-cli-0.19.0-nightly.20251124.e177314a4/packages/cli/src/commands/extensions/examples/custom-commands/gemini-extension.json,Data,Analyzing,Json,13
ğŸ“¦ gemini-extension.json,modules/packages/_archive/js-packages/storage/gemini-cli-0.19.0-nightly.20251124.e177314a4/packages/cli/src/commands/extensions/examples/exclude-tools/gemini-extension.json,Data,Analyzing,Json,13
ğŸ“¦ gemini-extension.json,modules/packages/_archive/js-packages/storage/gemini-cli-0.19.0-nightly.20251124.e177314a4/packages/cli/src/commands/extensions/examples/mcp-server/gemini-extension.json,Data,Analyzing,Json,13
ğŸ“¦ gemini-extension.json,modules/packages/_archive/js-packages/storage/gemini-cli-0.19.0-nightly.20251124.e177314a4/packages/cli/src/commands/extensions/examples/context/gemini-extension.json,Data,Analyzing,Json,13
ğŸ“¦ package.json,modules/packages/_archive/js-packages/storage/gemini-cli-0.19.0-nightly.20251124.e177314a4/packages/cli/src/commands/extensions/examples/mcp-server/package.json,Data,Analyzing,Json,13
ğŸ“¦ tsconfig.json,modules/packages/_archive/js-packages/storage/gemini-cli-0.19.0-nightly.20251124.e177314a4/packages/cli/src/commands/extensions/examples/mcp-server/tsconfig.json,Data,Analyzing,Json,13
